"True, True, True, True, True, True, True"
Position,N,S,E,W
"(0, 0)", 0, -49.61875092851323, -1583.967305635309, 0
"(0, 1)", -27.788244921722352, 79.99246960623981, 0, 0
"(0, 2)", 39.69344353778765, 49.99961345031401, 45.823460499999996, 0
"(0, 3)", 0, 0, 0, 0
"(0, 4)", 0, 0, 0, 0
"(1, 0)", 0, -92.81027330835462, -16.2774417869, -2641.872881895617
"(1, 1)", -131.5767932592407, 19.744638349999992, -27.220970957249996, 66.88446083154635
"(1, 2)", 0, 0, -6.714038345249998, 71.7194935138973
"(1, 3)", 0, 0, 0, 0
"(1, 4)", 0, 0, 0, 0
"(2, 0)", 0, -19.065312063102496, -18.889127867124998, -55.14080678100356
"(2, 1)", -17.189717411999993, -19.526379927206932, -13.394594258203124, -24.067258311499998
"(2, 2)", -30.433635878140493, 111.18852643046864, -9.71499344833178, -3.3017230078499993
"(2, 3)", 63.03564094531999, 68.82080151227166, 0, 0
"(2, 4)", 43.29876612499999, 0, 44.85575, 44.117549999999994
"(3, 0)", 0, -24.277373742314694, -32.96671840077187, -15.533590059195433
"(3, 1)", -22.197239175309527, -13.48342816894412, -32.09580246553561, -12.666410226999998
"(3, 2)", -20.97417488610605, -4.24785, -10.94139525, -4.235368396832242
"(3, 3)", -5.3111479, 26.664448012499992, -2.025, -1.0
"(3, 4)", 0, 0, -3.08655, 70.1959166666407
"(4, 0)", 0, -59.53297415076289, 0, -28.79663103428124
"(4, 1)", -51.78229552517773, -9.043979684687498, 0, -23.81989309156265
"(4, 2)", -7.893325781249999, -8.65438, 0, -17.370447561249996
"(4, 3)", -16.346656574374997, -17.462638887811792, 0, -3.4475
"(4, 4)", -8.535922499999998, 0, 0, -8.477583333313676
"False, True, True, True, True, True, True"
Position,N,S,E,W
"(0, 0)", 0, 47.387111749999995, 49.998390047122086, 0
"(0, 1)", 79.97330315281212, -39.793114811584914, 0, 0
"(0, 2)", -48.2355279879138, -27.499803637003243, -26.096554613640958, 0
"(0, 3)", -48.899646588844575, -19.619109608564997, -19.985531166908533, 0
"(0, 4)", -16.077207349, 0, -14.653444181999998, 0
"(1, 0)", 0, 0, 0, 0
"(1, 1)", 0, -9.798877812499999, 0, 129.69568618418282
"(1, 2)", 0, 0, 51.29466835314829, -13.693063140624998
"(1, 3)", -1.0, -2.4, -0.45557197654460124, -12.345987731092812
"(1, 4)", -6.470574, 0, -6.390124999999999, -8.308468
"(2, 0)", 0, 0, 0, 0
"(2, 1)", 0, 0, 0, 0
"(2, 2)", 49.990420938430965, 44.034811538796994, 32.849999999999994, 43.94604999999999
"(2, 3)", 72.0528372193424, -12.685313124999997, 0, 0
"(2, 4)", -15.095967687499996, 0, 60.972222223051006, -9.497197799999999
"(3, 0)", 0, 0, 0, 0
"(3, 1)", 0, 0, 0, 0
"(3, 2)", 0, 0, 0, 0
"(3, 3)", 0, 0, 0, 0
"(3, 4)", 0, 0, 38.58333333335495, 49.92567036242856
"(4, 0)", 0, 0, 0, 0
"(4, 1)", 0, 0, 0, 0
"(4, 2)", 0, 0, 0, 0
"(4, 3)", 0, 0, 0, 0
"(4, 4)", 49.999999999940904, 0, 0, 25.15
"True, True, True, True, True, True, False"
Position,N,S,E,W
"(0, 0)", 0, -17.56337765722749, -11.931023374967287, 0
"(0, 1)", -32.60499032592948, 79.99994347323654, 0, 0
"(0, 2)", 0, 49.99999996371272, 0, 0
"(0, 3)", 0, 0, 0, 0
"(0, 4)", 0, 0, 25.15, 0
"(1, 0)", 0, -3.3333207060435903, -4.3925, -5.158649999999999
"(1, 1)", 0, 0, -1.5, 129.99802064157373
"(1, 2)", 0, 0, 0, 79.50251624204294
"(1, 3)", 0, 0, -1.5, 0
"(1, 4)", 0, 0, 0, -1.7
"(2, 0)", 0, -2.9, -3.765, -5.294325
"(2, 1)", -1.7, 29.27908977546983, -1.0, 23.068374999999996
"(2, 2)", -2.55, -2.2, -2.2, 124.20872535547298
"(2, 3)", -1.5, -2.2, -2.45, -1.0
"(2, 4)", -1.5, 0, -1.875, -2.2
"(3, 0)", 0, -2.9749999999999996, -2.45, -3.765
"(3, 1)", -3.5374999999999996, -1.5, -2.45, -2.2
"(3, 2)", -2.45, -2.45, -3.275, -1.5
"(3, 3)", -2.925, -3.15, -2.45, -2.55
"(3, 4)", -3.8, 0, -2.575, -2.2
"(4, 0)", 0, -1.75, 0, -3.275
"(4, 1)", -1.875, -1.7, 0, -3.275
"(4, 2)", -2.9875, -2.45, 0, -2.45
"(4, 3)", -3.275, -1.5, 0, -2.925
"(4, 4)", -1.75, 0, 0, -2.9875
"False, True, True, True, True, True, False"
Position,N,S,E,W
"(0, 0)", 0, 49.99996816597119, 0, 0
"(0, 1)", 79.99903952187375, 0, 0, 0
"(0, 2)", 129.98579331752074, -3.1875, -2.533, 0
"(0, 3)", -7.55499795676151, -4.11625, -3.465, 0
"(0, 4)", -4.860625, 0, -3.7824999999999998, 0
"(1, 0)", 0, 0, 0, 0
"(1, 1)", 0, 0, 0, 0
"(1, 2)", 0, 0, -2.9411699999999996, 0
"(1, 3)", -1.7, -1.5, -2.9665, -1.5
"(1, 4)", -2.94, 0, -2.9, -3.465
"(2, 0)", 0, 0, 0, 0
"(2, 1)", 0, 0, 0, 0
"(2, 2)", 49.986315626329954, 0, 0, 0
"(2, 3)", -3.3255789828670927, 0, 0, 0
"(2, 4)", -3.3175081283001897, 0, -4.222999999999999, -4.2725
"(3, 0)", 0, 0, 0, 0
"(3, 1)", 0, 0, 0, 0
"(3, 2)", 0, 0, 0, 0
"(3, 3)", 0, 0, 0, 0
"(3, 4)", 0, 0, -2.533, -8.728831619740264
"(4, 0)", 0, 0, 0, 0
"(4, 1)", 0, 0, 0, 0
"(4, 2)", 0, 0, 0, 0
"(4, 3)", 0, 0, 0, 0
"(4, 4)", 0, 0, 0, 31.165345807359998
"True, True, True, True, True, False, True"
Position,N,S,E,W
"(0, 0)", 0, 0, 0, 0
"(0, 1)", 0, 0, 0, 0
"(0, 2)", 0, 0, 0, 0
"(0, 3)", 0, 0, 0, 0
"(0, 4)", 0, 0, 0, 0
"(1, 0)", 0, 0, 0, 0
"(1, 1)", 0, 0, 0, 0
"(1, 2)", 0, 0, 0, 0
"(1, 3)", 0, 0, 0, 0
"(1, 4)", 0, 0, 0, 0
"(2, 0)", 0, 0, 0, 0
"(2, 1)", 0, 0, 0, 0
"(2, 2)", 0, 0, 0, 0
"(2, 3)", 0, 0, 0, 0
"(2, 4)", 0, 0, 0, 0
"(3, 0)", 0, 0, 0, 0
"(3, 1)", 0, 0, 0, 0
"(3, 2)", 0, 0, 0, 0
"(3, 3)", 0, 0, 0, 0
"(3, 4)", 0, 0, 0, 0
"(4, 0)", 0, 0, 0, 0
"(4, 1)", 0, 0, 0, 0
"(4, 2)", 0, 0, 0, 0
"(4, 3)", 0, 0, 0, 0
"(4, 4)", 0, 0, 0, 0
"False, True, True, True, True, False, True"
Position,N,S,E,W
"(0, 0)", 0, 0, 0, 0
"(0, 1)", 0, 0, 0, 0
"(0, 2)", 0, 0, 0, 0
"(0, 3)", 0, 0, 0, 0
"(0, 4)", 0, 0, 0, 0
"(1, 0)", 0, 0, 0, 0
"(1, 1)", 0, 0, 0, 0
"(1, 2)", 0, 0, 0, 0
"(1, 3)", 0, 0, 0, 0
"(1, 4)", 0, 0, 0, 0
"(2, 0)", 0, 0, 0, 0
"(2, 1)", 0, 0, 0, 0
"(2, 2)", 0, 0, 0, 0
"(2, 3)", 0, 0, 0, 0
"(2, 4)", 0, 0, 0, 0
"(3, 0)", 0, 0, 0, 0
"(3, 1)", 0, 0, 0, 0
"(3, 2)", 0, 0, 0, 0
"(3, 3)", 0, 0, 0, 0
"(3, 4)", 0, 0, 0, 0
"(4, 0)", 0, 0, 0, 0
"(4, 1)", 0, 0, 0, 0
"(4, 2)", 0, 0, 0, 0
"(4, 3)", 0, 0, 0, 0
"(4, 4)", 0, 0, 0, 0
"True, True, True, True, True, False, False"
Position,N,S,E,W
"(0, 0)", 0, 0, 0, 0
"(0, 1)", 0, 0, 0, 0
"(0, 2)", 0, 0, 0, 0
"(0, 3)", 0, 0, 0, 0
"(0, 4)", 0, 0, 0, 0
"(1, 0)", 0, 0, 0, 0
"(1, 1)", 0, 0, 0, 0
"(1, 2)", 0, 0, 0, 0
"(1, 3)", 0, 0, 0, 0
"(1, 4)", 0, 0, 0, 0
"(2, 0)", 0, 0, 0, 0
"(2, 1)", 0, 0, 0, 0
"(2, 2)", 0, 0, 0, 0
"(2, 3)", 0, 0, 0, 0
"(2, 4)", 0, 0, 0, 0
"(3, 0)", 0, 0, 0, 0
"(3, 1)", 0, 0, 0, 0
"(3, 2)", 0, 0, 0, 0
"(3, 3)", 0, 0, 0, 0
"(3, 4)", 0, 0, 0, 0
"(4, 0)", 0, 0, 0, 0
"(4, 1)", 0, 0, 0, 0
"(4, 2)", 0, 0, 0, 0
"(4, 3)", 0, 0, 0, 0
"(4, 4)", 0, 0, 0, 0
"False, True, True, True, True, False, False"
Position,N,S,E,W
"(0, 0)", 0, 0, 0, 0
"(0, 1)", 0, 0, 0, 0
"(0, 2)", 0, 0, 0, 0
"(0, 3)", 0, 0, 0, 0
"(0, 4)", 0, 0, 0, 0
"(1, 0)", 0, 0, 0, 0
"(1, 1)", 0, 0, 0, 0
"(1, 2)", 0, 0, 0, 0
"(1, 3)", 0, 0, 0, 0
"(1, 4)", 0, 0, 0, 0
"(2, 0)", 0, 0, 0, 0
"(2, 1)", 0, 0, 0, 0
"(2, 2)", 0, 0, 0, 0
"(2, 3)", 0, 0, 0, 0
"(2, 4)", 0, 0, 0, 0
"(3, 0)", 0, 0, 0, 0
"(3, 1)", 0, 0, 0, 0
"(3, 2)", 0, 0, 0, 0
"(3, 3)", 0, 0, 0, 0
"(3, 4)", 0, 0, 0, 0
"(4, 0)", 0, 0, 0, 0
"(4, 1)", 0, 0, 0, 0
"(4, 2)", 0, 0, 0, 0
"(4, 3)", 0, 0, 0, 0
"(4, 4)", 0, 0, 0, 0
"True, True, True, True, False, True, True"
Position,N,S,E,W
"(0, 0)", 0, -11.243071874999998, -4.92125, 0
"(0, 1)", -9.557481249999999, 0, -6.781124999999999, 0
"(0, 2)", -1.0, -1.0, 0, 0
"(0, 3)", 0, -1.0, 0, 0
"(0, 4)", 15.0, 0, 14.5, 0
"(1, 0)", 0, -2.8, -2.45, -5.508125
"(1, 1)", -1.5, -2.69, -3.485375, -5.46875
"(1, 2)", -1.0, -1.0, -1.0, -1.7
"(1, 3)", 0, -1.0, 0, 0
"(1, 4)", 0, 0, 0, -1.0
"(2, 0)", 0, -2.2, 0, -1.5
"(2, 1)", -1.0, -2.19, -4.97075, -3.734375
"(2, 2)", -2.19, -1.0, -2.55, -2.2
"(2, 3)", 0, 5.8, 0, 0
"(2, 4)", 0, 0, 0, 32.349999999999994
"(3, 0)", 0, -2.67125, -2.69, 0
"(3, 1)", -3.39, -1.7, 0, -3.3425000000000002
"(3, 2)", -2.55, -1.0, 0, -4.1579999999999995
"(3, 3)", 0, 0, 0, -1.0
"(3, 4)", 0, 0, -1.0, 11.75
"(4, 0)", 0, -3.383, 0, -1.0
"(4, 1)", -1.7, -2.2, 0, 0
"(4, 2)", 0, 0, 0, -1.7
"(4, 3)", 0, -1.0, 0, 0
"(4, 4)", -1.0, 0, 0, -1.0
"False, True, True, True, False, True, True"
Position,N,S,E,W
"(0, 0)", 0, 0, 25.5, 0
"(0, 1)", 5.8, -1.5, 0, 0
"(0, 2)", -2.45, -1.0, -2.9749999999999996, 0
"(0, 3)", -1.7, -3.7824999999999998, -3.5805, 0
"(0, 4)", -5.316749999999999, 0, -20.799752199609372, 0
"(1, 0)", 0, 0, 0, 0
"(1, 1)", 0, 0, 0, 0
"(1, 2)", 0, 0, -2.7731, -2.55
"(1, 3)", -2.94, -9.144593770703123, 0, -2.0949999999999998
"(1, 4)", -7.516852693359374, 0, -3.6279999999999997, -19.166639346093746
"(2, 0)", 0, 0, 0, 0
"(2, 1)", 0, 0, 0, 0
"(2, 2)", 32.849999999999994, 0, 15.0, 25.5
"(2, 3)", 6.5, 0, 0, 0
"(2, 4)", -1.0, 0, -1.0, -6.589979484375
"(3, 0)", 0, 0, 0, 0
"(3, 1)", 0, 0, 0, 0
"(3, 2)", 0, 0, 0, 0
"(3, 3)", 0, 0, 0, 0
"(3, 4)", 0, 0, -1.0, 0
"(4, 0)", 0, 0, 0, 0
"(4, 1)", 0, 0, 0, 0
"(4, 2)", 0, 0, 0, 0
"(4, 3)", 0, 0, 0, 0
"(4, 4)", 0, 0, 0, 15.0
"True, True, True, True, False, True, False"
Position,N,S,E,W
"(0, 0)", 0, -5.025, -3.765, 0
"(0, 1)", -3.64, -3.64, -5.46875, 0
"(0, 2)", -3.15, -2.2, -3.87, 0
"(0, 3)", 0, -2.19, 0, 0
"(0, 4)", 0, 0, 47.076422349999994, 0
"(1, 0)", 0, -5.9275, -5.60175, -4.5975
"(1, 1)", -4.6925, -4.5465, -6.130999999999999, -4.3525
"(1, 2)", -4.67625, -3.9731, -7.276669, -3.64
"(1, 3)", -2.795, -3.4564999999999997, -3.9924999999999997, -1.85
"(1, 4)", 0, 0, 0, -2.7731
"(2, 0)", 0, -8.1085, -6.5645, -5.9342500000000005
"(2, 1)", -6.726999999999999, -6.3025, -4.577999999999999, -5.81175
"(2, 2)", -4.528, -6.052099999999999, -6.2219999999999995, -5.662
"(2, 3)", -5.468999999999999, -3.94, -4.585, -4.21575
"(2, 4)", -4.4399999999999995, 0, -2.8, -2.2
"(3, 0)", 0, -7.014749999999999, -6.461, -7.3568750000000005
"(3, 1)", -6.3454999999999995, -4.7375, -5.689499999999999, -5.978250000000001
"(3, 2)", -6.6228750000000005, -5.298, -5.25, -5.640999999999999
"(3, 3)", -5.694374999999999, -3.8150000000000004, -4.09, -3.8262499999999995
"(3, 4)", -3.275, 0, -4.34, -3.64
"(4, 0)", 0, -4.93, 0, -7.27725
"(4, 1)", -3.94, -5.593, 0, -5.0249999999999995
"(4, 2)", -4.51, -5.412999999999999, 0, -6.628
"(4, 3)", -5.693, -4.569999999999999, 0, -3.64
"(4, 4)", -5.805, 0, 0, -4.06
"False, True, True, True, False, True, False"
Position,N,S,E,W
"(0, 0)", 0, 49.0113366285, 0, 0
"(0, 1)", 70.65006925809999, 0, 0, 0
"(0, 2)", 87.25745946559996, -3.8625, -2.533, 0
"(0, 3)", -7.480778550883941, -8.5083619375, -5.680929749999999, 0
"(0, 4)", -12.174180396874998, 0, -16.172300808124998, 0
"(1, 0)", 0, 0, 0, 0
"(1, 1)", 0, 0, 0, 0
"(1, 2)", 0, 0, 0.12010499999999968, 0
"(1, 3)", -1.7, -1.5, -1.7, -4.282659499999999
"(1, 4)", -2.45, 0, -3.033, -15.740188191249997
"(2, 0)", 0, 0, 0, 0
"(2, 1)", 0, 0, 0, 0
"(2, 2)", 0, 0, 0, 48.587623754999996
"(2, 3)", 0.03949999999999987, 0, 0, 0
"(2, 4)", -1.7, 0, -1.0, -1.5
"(3, 0)", 0, 0, 0, 0
"(3, 1)", 0, 0, 0, 0
"(3, 2)", 0, 0, 0, 0
"(3, 3)", 0, 0, 0, 0
"(3, 4)", 0, 0, -1.0, 0
"(4, 0)", 0, 0, 0, 0
"(4, 1)", 0, 0, 0, 0
"(4, 2)", 0, 0, 0, 0
"(4, 3)", 0, 0, 0, 0
"(4, 4)", 15.0, 0, 0, 0
"True, True, True, True, False, False, True"
Position,N,S,E,W
"(0, 0)", 0, 0, 0, 0
"(0, 1)", 0, 0, 0, 0
"(0, 2)", 0, 0, 0, 0
"(0, 3)", 0, 0, 0, 0
"(0, 4)", 0, 0, 0, 0
"(1, 0)", 0, 0, 0, 0
"(1, 1)", 0, 0, 0, 0
"(1, 2)", 0, 0, 0, 0
"(1, 3)", 0, 0, 0, 0
"(1, 4)", 0, 0, 0, 0
"(2, 0)", 0, 0, 0, 0
"(2, 1)", 0, 0, 0, 0
"(2, 2)", 0, 0, 0, 0
"(2, 3)", 0, 0, 0, 0
"(2, 4)", 0, 0, 0, 0
"(3, 0)", 0, 0, 0, 0
"(3, 1)", 0, 0, 0, 0
"(3, 2)", 0, 0, 0, 0
"(3, 3)", 0, 0, 0, 0
"(3, 4)", 0, 0, 0, 0
"(4, 0)", 0, 0, 0, 0
"(4, 1)", 0, 0, 0, 0
"(4, 2)", 0, 0, 0, 0
"(4, 3)", 0, 0, 0, 0
"(4, 4)", 0, 0, 0, 0
"False, True, True, True, False, False, True"
Position,N,S,E,W
"(0, 0)", 0, 0, 0, 0
"(0, 1)", 0, 0, 0, 0
"(0, 2)", 0, 0, 0, 0
"(0, 3)", 0, 0, 0, 0
"(0, 4)", 0, 0, 0, 0
"(1, 0)", 0, 0, 0, 0
"(1, 1)", 0, 0, 0, 0
"(1, 2)", 0, 0, 0, 0
"(1, 3)", 0, 0, 0, 0
"(1, 4)", 0, 0, 0, 0
"(2, 0)", 0, 0, 0, 0
"(2, 1)", 0, 0, 0, 0
"(2, 2)", 0, 0, 0, 0
"(2, 3)", 0, 0, 0, 0
"(2, 4)", 0, 0, 0, 0
"(3, 0)", 0, 0, 0, 0
"(3, 1)", 0, 0, 0, 0
"(3, 2)", 0, 0, 0, 0
"(3, 3)", 0, 0, 0, 0
"(3, 4)", 0, 0, 0, 0
"(4, 0)", 0, 0, 0, 0
"(4, 1)", 0, 0, 0, 0
"(4, 2)", 0, 0, 0, 0
"(4, 3)", 0, 0, 0, 0
"(4, 4)", 0, 0, 0, 0
"True, True, True, True, False, False, False"
Position,N,S,E,W
"(0, 0)", 0, 0, 0, 0
"(0, 1)", 0, 0, 0, 0
"(0, 2)", 0, 0, 0, 0
"(0, 3)", 0, 0, 0, 0
"(0, 4)", 0, 0, 0, 0
"(1, 0)", 0, 0, 0, 0
"(1, 1)", 0, 0, 0, 0
"(1, 2)", 0, 0, 0, 0
"(1, 3)", 0, 0, 0, 0
"(1, 4)", 0, 0, 0, 0
"(2, 0)", 0, 0, 0, 0
"(2, 1)", 0, 0, 0, 0
"(2, 2)", 0, 0, 0, 0
"(2, 3)", 0, 0, 0, 0
"(2, 4)", 0, 0, 0, 0
"(3, 0)", 0, 0, 0, 0
"(3, 1)", 0, 0, 0, 0
"(3, 2)", 0, 0, 0, 0
"(3, 3)", 0, 0, 0, 0
"(3, 4)", 0, 0, 0, 0
"(4, 0)", 0, 0, 0, 0
"(4, 1)", 0, 0, 0, 0
"(4, 2)", 0, 0, 0, 0
"(4, 3)", 0, 0, 0, 0
"(4, 4)", 0, 0, 0, 0
"False, True, True, True, False, False, False"
Position,N,S,E,W
"(0, 0)", 0, 0, 0, 0
"(0, 1)", 0, 0, 0, 0
"(0, 2)", 0, 0, 0, 0
"(0, 3)", 0, 0, 0, 0
"(0, 4)", 0, 0, 0, 0
"(1, 0)", 0, 0, 0, 0
"(1, 1)", 0, 0, 0, 0
"(1, 2)", 0, 0, 0, 0
"(1, 3)", 0, 0, 0, 0
"(1, 4)", 0, 0, 0, 0
"(2, 0)", 0, 0, 0, 0
"(2, 1)", 0, 0, 0, 0
"(2, 2)", 0, 0, 0, 0
"(2, 3)", 0, 0, 0, 0
"(2, 4)", 0, 0, 0, 0
"(3, 0)", 0, 0, 0, 0
"(3, 1)", 0, 0, 0, 0
"(3, 2)", 0, 0, 0, 0
"(3, 3)", 0, 0, 0, 0
"(3, 4)", 0, 0, 0, 0
"(4, 0)", 0, 0, 0, 0
"(4, 1)", 0, 0, 0, 0
"(4, 2)", 0, 0, 0, 0
"(4, 3)", 0, 0, 0, 0
"(4, 4)", 0, 0, 0, 0
"True, True, True, False, True, True, True"
Position,N,S,E,W
"(0, 0)", 0, 0, 0, 0
"(0, 1)", 0, 0, 0, 0
"(0, 2)", 0, 0, 0, 0
"(0, 3)", 0, 0, 0, 0
"(0, 4)", 0, 0, 0, 0
"(1, 0)", 0, 0, 0, 0
"(1, 1)", 0, 0, 0, 0
"(1, 2)", 0, 0, 0, 0
"(1, 3)", 0, 0, 0, 0
"(1, 4)", 0, 0, 0, 0
"(2, 0)", 0, 0, 0, 0
"(2, 1)", 0, 0, 0, 0
"(2, 2)", 0, 0, 0, 0
"(2, 3)", 0, 0, 0, 0
"(2, 4)", 0, 0, 0, 0
"(3, 0)", 0, 0, 0, 0
"(3, 1)", 0, 0, 0, 0
"(3, 2)", 0, 0, 0, 0
"(3, 3)", 0, 0, 0, 0
"(3, 4)", 0, 0, 0, 0
"(4, 0)", 0, 0, 0, 0
"(4, 1)", 0, 0, 0, 0
"(4, 2)", 0, 0, 0, 0
"(4, 3)", 0, 0, 0, 0
"(4, 4)", 0, 0, 0, 0
"False, True, True, False, True, True, True"
Position,N,S,E,W
"(0, 0)", 0, 0, 0, 0
"(0, 1)", 0, 0, 0, 0
"(0, 2)", 0, 0, 0, 0
"(0, 3)", 0, 0, 0, 0
"(0, 4)", 0, 0, 0, 0
"(1, 0)", 0, 0, 0, 0
"(1, 1)", 0, 0, 0, 0
"(1, 2)", 0, 0, 0, 0
"(1, 3)", 0, 0, 0, 0
"(1, 4)", 0, 0, 0, 0
"(2, 0)", 0, 0, 0, 0
"(2, 1)", 0, 0, 0, 0
"(2, 2)", 0, 0, 0, 0
"(2, 3)", 0, 0, 0, 0
"(2, 4)", 0, 0, 0, 0
"(3, 0)", 0, 0, 0, 0
"(3, 1)", 0, 0, 0, 0
"(3, 2)", 0, 0, 0, 0
"(3, 3)", 0, 0, 0, 0
"(3, 4)", 0, 0, 0, 0
"(4, 0)", 0, 0, 0, 0
"(4, 1)", 0, 0, 0, 0
"(4, 2)", 0, 0, 0, 0
"(4, 3)", 0, 0, 0, 0
"(4, 4)", 0, 0, 0, 0
"True, True, True, False, True, True, False"
Position,N,S,E,W
"(0, 0)", 0, 31.258874999999993, -1.5, 0
"(0, 1)", 10.677499999999998, 50.51359331424999, 0, 0
"(0, 2)", 0, 49.307935639949996, 0, 0
"(0, 3)", 22.55879975, 0, 0, 0
"(0, 4)", 15.0, 0, 0, 0
"(1, 0)", 0, -1.5, -1.5, -1.7
"(1, 1)", -1.75, -1.0, 0, -1.0
"(1, 2)", 0, 0, 0, 61.51507315499999
"(1, 3)", 0, 0, 0, -1.0
"(1, 4)", 0, 0, 0, -1.0
"(2, 0)", 0, -2.2, -1.0, -1.7
"(2, 1)", -2.2, -1.0, -1.5, -2.2
"(2, 2)", -2.2, -1.0, -3.814, 51.42556428749999
"(2, 3)", -1.0, 0, -1.5, -1.0
"(2, 4)", -1.0, 0, -1.5, -1.0
"(3, 0)", 0, -2.2, -1.75, -2.2
"(3, 1)", -2.2, -2.1, -1.0, -2.2
"(3, 2)", -2.8, -1.75, -1.7, -8.378573799999998
"(3, 3)", -2.8, -1.5, -2.8, -1.0
"(3, 4)", -2.45, 0, -3.94, -2.69
"(4, 0)", 0, -1.5, 0, -2.925
"(4, 1)", -1.7, -1.5, 0, -1.0
"(4, 2)", -2.45, -2.45, 0, -2.1
"(4, 3)", -2.925, -3.4499999999999997, 0, -2.2
"(4, 4)", -2.9749999999999996, 0, 0, -4.93
"False, True, True, False, True, True, False"
Position,N,S,E,W
"(0, 0)", 0, 32.849999999999994, 0, 0
"(0, 1)", 15.809999999999999, 0, 0, 0
"(0, 2)", 0.3599999999999999, -3.39, -2.533, 0
"(0, 3)", -7.169463566999999, -2.69, -3.115, 0
"(0, 4)", -3.3949999999999996, 0, -1.7, 0
"(1, 0)", 0, 0, 0, 0
"(1, 1)", 0, 0, 0, 0
"(1, 2)", 0, 0, -2.7731, 0
"(1, 3)", -1.0, -1.0, -1.0, -1.85
"(1, 4)", -1.0, 0, -1.0, -1.75
"(2, 0)", 0, 0, 0, 0
"(2, 1)", 0, 0, 0, 0
"(2, 2)", 0, 0, 45.882284999999996, 0
"(2, 3)", -1.7, 0, 0, 0
"(2, 4)", -1.0, 0, 0, 0
"(3, 0)", 0, 0, 0, 0
"(3, 1)", 0, 0, 0, 0
"(3, 2)", 0, 0, 0, 0
"(3, 3)", 0, 0, 0, 0
"(3, 4)", 0, 0, 0, 0
"(4, 0)", 0, 0, 0, 0
"(4, 1)", 0, 0, 0, 0
"(4, 2)", 0, 0, 0, 0
"(4, 3)", 0, 0, 0, 0
"(4, 4)", 0, 0, 0, 0
"True, True, True, False, True, False, True"
Position,N,S,E,W
"(0, 0)", 0, 0, 0, 0
"(0, 1)", 0, 0, 0, 0
"(0, 2)", 0, 0, 0, 0
"(0, 3)", 0, 0, 0, 0
"(0, 4)", 0, 0, 0, 0
"(1, 0)", 0, 0, 0, 0
"(1, 1)", 0, 0, 0, 0
"(1, 2)", 0, 0, 0, 0
"(1, 3)", 0, 0, 0, 0
"(1, 4)", 0, 0, 0, 0
"(2, 0)", 0, 0, 0, 0
"(2, 1)", 0, 0, 0, 0
"(2, 2)", 0, 0, 0, 0
"(2, 3)", 0, 0, 0, 0
"(2, 4)", 0, 0, 0, 0
"(3, 0)", 0, 0, 0, 0
"(3, 1)", 0, 0, 0, 0
"(3, 2)", 0, 0, 0, 0
"(3, 3)", 0, 0, 0, 0
"(3, 4)", 0, 0, 0, 0
"(4, 0)", 0, 0, 0, 0
"(4, 1)", 0, 0, 0, 0
"(4, 2)", 0, 0, 0, 0
"(4, 3)", 0, 0, 0, 0
"(4, 4)", 0, 0, 0, 0
"False, True, True, False, True, False, True"
Position,N,S,E,W
"(0, 0)", 0, 0, 0, 0
"(0, 1)", 0, 0, 0, 0
"(0, 2)", 0, 0, 0, 0
"(0, 3)", 0, 0, 0, 0
"(0, 4)", 0, 0, 0, 0
"(1, 0)", 0, 0, 0, 0
"(1, 1)", 0, 0, 0, 0
"(1, 2)", 0, 0, 0, 0
"(1, 3)", 0, 0, 0, 0
"(1, 4)", 0, 0, 0, 0
"(2, 0)", 0, 0, 0, 0
"(2, 1)", 0, 0, 0, 0
"(2, 2)", 0, 0, 0, 0
"(2, 3)", 0, 0, 0, 0
"(2, 4)", 0, 0, 0, 0
"(3, 0)", 0, 0, 0, 0
"(3, 1)", 0, 0, 0, 0
"(3, 2)", 0, 0, 0, 0
"(3, 3)", 0, 0, 0, 0
"(3, 4)", 0, 0, 0, 0
"(4, 0)", 0, 0, 0, 0
"(4, 1)", 0, 0, 0, 0
"(4, 2)", 0, 0, 0, 0
"(4, 3)", 0, 0, 0, 0
"(4, 4)", 0, 0, 0, 0
"True, True, True, False, True, False, False"
Position,N,S,E,W
"(0, 0)", 0, 0, 0, 0
"(0, 1)", 0, 0, 0, 0
"(0, 2)", 0, 0, 0, 0
"(0, 3)", 0, 0, 0, 0
"(0, 4)", 0, 0, 0, 0
"(1, 0)", 0, 0, 0, 0
"(1, 1)", 0, 0, 0, 0
"(1, 2)", 0, 0, 0, 0
"(1, 3)", 0, 0, 0, 0
"(1, 4)", 0, 0, 0, 0
"(2, 0)", 0, 0, 0, 0
"(2, 1)", 0, 0, 0, 0
"(2, 2)", 0, 0, 0, 0
"(2, 3)", 0, 0, 0, 0
"(2, 4)", 0, 0, 0, 0
"(3, 0)", 0, 0, 0, 0
"(3, 1)", 0, 0, 0, 0
"(3, 2)", 0, 0, 0, 0
"(3, 3)", 0, 0, 0, 0
"(3, 4)", 0, 0, 0, 0
"(4, 0)", 0, 0, 0, 0
"(4, 1)", 0, 0, 0, 0
"(4, 2)", 0, 0, 0, 0
"(4, 3)", 0, 0, 0, 0
"(4, 4)", 0, 0, 0, 0
"False, True, True, False, True, False, False"
Position,N,S,E,W
"(0, 0)", 0, 0, 0, 0
"(0, 1)", 0, 0, 0, 0
"(0, 2)", 0, 0, 0, 0
"(0, 3)", 0, 0, 0, 0
"(0, 4)", 0, 0, 0, 0
"(1, 0)", 0, 0, 0, 0
"(1, 1)", 0, 0, 0, 0
"(1, 2)", 0, 0, 0, 0
"(1, 3)", 0, 0, 0, 0
"(1, 4)", 0, 0, 0, 0
"(2, 0)", 0, 0, 0, 0
"(2, 1)", 0, 0, 0, 0
"(2, 2)", 0, 0, 0, 0
"(2, 3)", 0, 0, 0, 0
"(2, 4)", 0, 0, 0, 0
"(3, 0)", 0, 0, 0, 0
"(3, 1)", 0, 0, 0, 0
"(3, 2)", 0, 0, 0, 0
"(3, 3)", 0, 0, 0, 0
"(3, 4)", 0, 0, 0, 0
"(4, 0)", 0, 0, 0, 0
"(4, 1)", 0, 0, 0, 0
"(4, 2)", 0, 0, 0, 0
"(4, 3)", 0, 0, 0, 0
"(4, 4)", 0, 0, 0, 0
"True, True, True, False, False, True, True"
Position,N,S,E,W
"(0, 0)", 0, 0, 0, 0
"(0, 1)", 0, 0, 0, 0
"(0, 2)", 0, 0, 0, 0
"(0, 3)", 0, 0, 0, 0
"(0, 4)", 0, 0, 0, 0
"(1, 0)", 0, 0, 0, 0
"(1, 1)", 0, 0, 0, 0
"(1, 2)", 0, 0, 0, 0
"(1, 3)", 0, 0, 0, 0
"(1, 4)", 0, 0, 0, 0
"(2, 0)", 0, 0, 0, 0
"(2, 1)", 0, 0, 0, 0
"(2, 2)", 0, 0, 0, 0
"(2, 3)", 0, 0, 0, 0
"(2, 4)", 0, 0, 0, 0
"(3, 0)", 0, 0, 0, 0
"(3, 1)", 0, 0, 0, 0
"(3, 2)", 0, 0, 0, 0
"(3, 3)", 0, 0, 0, 0
"(3, 4)", 0, 0, 0, 0
"(4, 0)", 0, 0, 0, 0
"(4, 1)", 0, 0, 0, 0
"(4, 2)", 0, 0, 0, 0
"(4, 3)", 0, 0, 0, 0
"(4, 4)", 0, 0, 0, 0
"False, True, True, False, False, True, True"
Position,N,S,E,W
"(0, 0)", 0, 0, 0, 0
"(0, 1)", 0, 0, 0, 0
"(0, 2)", 0, 0, 0, 0
"(0, 3)", 0, 0, 0, 0
"(0, 4)", 0, 0, 0, 0
"(1, 0)", 0, 0, 0, 0
"(1, 1)", 0, 0, 0, 0
"(1, 2)", 0, 0, 0, 0
"(1, 3)", 0, 0, 0, 0
"(1, 4)", 0, 0, 0, 0
"(2, 0)", 0, 0, 0, 0
"(2, 1)", 0, 0, 0, 0
"(2, 2)", 0, 0, 0, 0
"(2, 3)", 0, 0, 0, 0
"(2, 4)", 0, 0, 0, 0
"(3, 0)", 0, 0, 0, 0
"(3, 1)", 0, 0, 0, 0
"(3, 2)", 0, 0, 0, 0
"(3, 3)", 0, 0, 0, 0
"(3, 4)", 0, 0, 0, 0
"(4, 0)", 0, 0, 0, 0
"(4, 1)", 0, 0, 0, 0
"(4, 2)", 0, 0, 0, 0
"(4, 3)", 0, 0, 0, 0
"(4, 4)", 0, 0, 0, 0
"True, True, True, False, False, True, False"
Position,N,S,E,W
"(0, 0)", 0, -2.8, -4.3525, 0
"(0, 1)", -3.94, -2.2, -2.45, 0
"(0, 2)", -1.5, 6.45, -1.5, 0
"(0, 3)", 0, 45.545649999999995, 0, 0
"(0, 4)", 44.117549999999994, 0, 0, 0
"(1, 0)", 0, -3.1624999999999996, -2.8, -3.275
"(1, 1)", -1.875, -2.2, -3.29, -3.275
"(1, 2)", -2.8, -1.7, -1.0, -1.7
"(1, 3)", -1.0, 0, 0, 27.18575
"(1, 4)", 0, 0, 0, -1.0
"(2, 0)", 0, -2.8, -3.4499999999999997, -3.3375000000000004
"(2, 1)", -2.2, -2.55, -3.64, -2.9749999999999996
"(2, 2)", -2.8, -2.94, -2.8, -3.39
"(2, 3)", -2.8, -1.5, -2.8, -0.575
"(2, 4)", -1.75, 0, -1.5, -1.0
"(3, 0)", 0, -2.8, -4.5975, -3.71875
"(3, 1)", -2.2, -3.64, -3.765, -3.1875
"(3, 2)", -3.15, -3.815, -2.9749999999999996, -5.4786
"(3, 3)", -2.8, -2.55, -2.45, -3.04
"(3, 4)", -3.3249999999999997, 0, -4.016249999999999, -1.7
"(4, 0)", 0, -5.46875, 0, -3.94
"(4, 1)", -4.3525, -3.465, 0, -4.8425
"(4, 2)", -5.59125, -3.9325, 0, -3.5374999999999996
"(4, 3)", -3.9499999999999993, -3.765, 0, -3.275
"(4, 4)", -3.9325, 0, 0, -4.723125
"False, True, True, False, False, True, False"
Position,N,S,E,W
"(0, 0)", 0, 25.5, 0, 0
"(0, 1)", 5.8, 0, 0, 0
"(0, 2)", -2.2, -2.225, -1.0, 0
"(0, 3)", -3.6279999999999997, -8.180432499999998, -4.1754999999999995, 0
"(0, 4)", -7.860466249999999, 0, -5.2966, 0
"(1, 0)", 0, 0, 0, 0
"(1, 1)", 0, 0, 0, 0
"(1, 2)", 0, 0, -2.19, 0
"(1, 3)", -1.7, -1.5, -1.7, -1.5
"(1, 4)", -2.9749999999999996, 0, -2.69, -3.5140000000000002
"(2, 0)", 0, 0, 0, 0
"(2, 1)", 0, 0, 0, 0
"(2, 2)", 0, 0, 45.882284999999996, 0
"(2, 3)", -2.19, 0, 0, 0
"(2, 4)", -1.0, 0, -1.0, -2.757
"(3, 0)", 0, 0, 0, 0
"(3, 1)", 0, 0, 0, 0
"(3, 2)", 0, 0, 0, -1.0
"(3, 3)", -1.0, 0, 0, 0
"(3, 4)", -1.0, 0, 0, 0
"(4, 0)", 0, 0, 0, 0
"(4, 1)", 0, 0, 0, 0
"(4, 2)", 0, 0, 0, 0
"(4, 3)", 0, 0, 0, 0
"(4, 4)", 0, 0, 0, 0
"True, True, True, False, False, False, True"
Position,N,S,E,W
"(0, 0)", 0, 0, 0, 0
"(0, 1)", 0, 0, 0, 0
"(0, 2)", 0, 0, 0, 0
"(0, 3)", 0, 0, 0, 0
"(0, 4)", 0, 0, 0, 0
"(1, 0)", 0, 0, 0, 0
"(1, 1)", 0, 0, 0, 0
"(1, 2)", 0, 0, 0, 0
"(1, 3)", 0, 0, 0, 0
"(1, 4)", 0, 0, 0, 0
"(2, 0)", 0, 0, 0, 0
"(2, 1)", 0, 0, 0, 0
"(2, 2)", 0, 0, 0, 0
"(2, 3)", 0, 0, 0, 0
"(2, 4)", 0, 0, 0, 0
"(3, 0)", 0, 0, 0, 0
"(3, 1)", 0, 0, 0, 0
"(3, 2)", 0, 0, 0, 0
"(3, 3)", 0, 0, 0, 0
"(3, 4)", 0, 0, 0, 0
"(4, 0)", 0, 0, 0, 0
"(4, 1)", 0, 0, 0, 0
"(4, 2)", 0, 0, 0, 0
"(4, 3)", 0, 0, 0, 0
"(4, 4)", 0, 0, 0, 0
"False, True, True, False, False, False, True"
Position,N,S,E,W
"(0, 0)", 0, 0, 0, 0
"(0, 1)", 0, 0, 0, 0
"(0, 2)", 0, 0, 0, 0
"(0, 3)", 0, 0, 0, 0
"(0, 4)", 0, 0, 0, 0
"(1, 0)", 0, 0, 0, 0
"(1, 1)", 0, 0, 0, 0
"(1, 2)", 0, 0, 0, 0
"(1, 3)", 0, 0, 0, 0
"(1, 4)", 0, 0, 0, 0
"(2, 0)", 0, 0, 0, 0
"(2, 1)", 0, 0, 0, 0
"(2, 2)", 0, 0, 0, 0
"(2, 3)", 0, 0, 0, 0
"(2, 4)", 0, 0, 0, 0
"(3, 0)", 0, 0, 0, 0
"(3, 1)", 0, 0, 0, 0
"(3, 2)", 0, 0, 0, 0
"(3, 3)", 0, 0, 0, 0
"(3, 4)", 0, 0, 0, 0
"(4, 0)", 0, 0, 0, 0
"(4, 1)", 0, 0, 0, 0
"(4, 2)", 0, 0, 0, 0
"(4, 3)", 0, 0, 0, 0
"(4, 4)", 0, 0, 0, 0
"True, True, True, False, False, False, False"
Position,N,S,E,W
"(0, 0)", 0, 0, 0, 0
"(0, 1)", 0, 0, 0, 0
"(0, 2)", 0, 0, 0, 0
"(0, 3)", 0, 0, 0, 0
"(0, 4)", 0, 0, 0, 0
"(1, 0)", 0, 0, 0, 0
"(1, 1)", 0, 0, 0, 0
"(1, 2)", 0, 0, 0, 0
"(1, 3)", 0, 0, 0, 0
"(1, 4)", 0, 0, 0, 0
"(2, 0)", 0, 0, 0, 0
"(2, 1)", 0, 0, 0, 0
"(2, 2)", 0, 0, 0, 0
"(2, 3)", 0, 0, 0, 0
"(2, 4)", 0, 0, 0, 0
"(3, 0)", 0, 0, 0, 0
"(3, 1)", 0, 0, 0, 0
"(3, 2)", 0, 0, 0, 0
"(3, 3)", 0, 0, 0, 0
"(3, 4)", 0, 0, 0, 0
"(4, 0)", 0, 0, 0, 0
"(4, 1)", 0, 0, 0, 0
"(4, 2)", 0, 0, 0, 0
"(4, 3)", 0, 0, 0, 0
"(4, 4)", 0, 0, 0, 0
"False, True, True, False, False, False, False"
Position,N,S,E,W
"(0, 0)", 0, 0, 0, 0
"(0, 1)", 0, 0, 0, 0
"(0, 2)", 0, 0, 0, 0
"(0, 3)", 0, 0, 0, 0
"(0, 4)", 0, 0, 0, 0
"(1, 0)", 0, 0, 0, 0
"(1, 1)", 0, 0, 0, 0
"(1, 2)", 0, 0, 0, 0
"(1, 3)", 0, 0, 0, 0
"(1, 4)", 0, 0, 0, 0
"(2, 0)", 0, 0, 0, 0
"(2, 1)", 0, 0, 0, 0
"(2, 2)", 0, 0, 0, 0
"(2, 3)", 0, 0, 0, 0
"(2, 4)", 0, 0, 0, 0
"(3, 0)", 0, 0, 0, 0
"(3, 1)", 0, 0, 0, 0
"(3, 2)", 0, 0, 0, 0
"(3, 3)", 0, 0, 0, 0
"(3, 4)", 0, 0, 0, 0
"(4, 0)", 0, 0, 0, 0
"(4, 1)", 0, 0, 0, 0
"(4, 2)", 0, 0, 0, 0
"(4, 3)", 0, 0, 0, 0
"(4, 4)", 0, 0, 0, 0
"True, True, False, True, True, True, True"
Position,N,S,E,W
"(0, 0)", 0, -1.0, -4.468, 0
"(0, 1)", -2.2, 6.5, 0, 0
"(0, 2)", 18.25, 25.5, 0, 0
"(0, 3)", 0, 0, 0, 0
"(0, 4)", 0, 0, 0, 0
"(1, 0)", 0, -1.0, 0, -2.19
"(1, 1)", 0, -1.5, 0, 0
"(1, 2)", 0, 0, -1.0, 11.05
"(1, 3)", 0, 0, 0, 0
"(1, 4)", 0, 0, 0, 0
"(2, 0)", 0, 0, 0, 0
"(2, 1)", 0, 0, 0, 0
"(2, 2)", 0, 0, -1.0, -1.0
"(2, 3)", 0, 0, 0, 0
"(2, 4)", 0, 0, 0, 0
"(3, 0)", 0, 0, 0, 0
"(3, 1)", 0, 0, 0, 0
"(3, 2)", 0, 0, 0, -1.0
"(3, 3)", 0, 0, 0, 0
"(3, 4)", 0, 0, 0, 0
"(4, 0)", 0, 0, 0, 0
"(4, 1)", 0, 0, 0, 0
"(4, 2)", 0, 0, 0, 0
"(4, 3)", 0, 0, 0, 0
"(4, 4)", 0, 0, 0, 0
"False, True, False, True, True, True, True"
Position,N,S,E,W
"(0, 0)", 0, 25.5, 0, 0
"(0, 1)", 5.8, 0, 0, 0
"(0, 2)", -1.7, 0, 0, 0
"(0, 3)", -1.7, 0, 0, 0
"(0, 4)", 0, 0, 0, 0
"(1, 0)", 0, 0, 0, 0
"(1, 1)", 0, 0, 0, 0
"(1, 2)", 0, 0, 0, 0
"(1, 3)", 0, 0, 0, 0
"(1, 4)", 0, 0, 0, 0
"(2, 0)", 0, 0, 0, 0
"(2, 1)", 0, 0, 0, 0
"(2, 2)", 0, 0, 0, 0
"(2, 3)", 0, 0, 0, 0
"(2, 4)", 0, 0, 0, 0
"(3, 0)", 0, 0, 0, 0
"(3, 1)", 0, 0, 0, 0
"(3, 2)", 0, 0, 0, 0
"(3, 3)", 0, 0, 0, 0
"(3, 4)", 0, 0, 0, 0
"(4, 0)", 0, 0, 0, 0
"(4, 1)", 0, 0, 0, 0
"(4, 2)", 0, 0, 0, 0
"(4, 3)", 0, 0, 0, 0
"(4, 4)", 0, 0, 0, 0
"True, True, False, True, True, True, False"
Position,N,S,E,W
"(0, 0)", 0, -1.7, -2.1, 0
"(0, 1)", 0, 19.098249999999997, 0, 0
"(0, 2)", 44.117549999999994, 0, 0, 0
"(0, 3)", -1.0, 0, 0, 0
"(0, 4)", 15.0, 0, 0, 0
"(1, 0)", 0, -2.75, -1.5, -3.59
"(1, 1)", -2.1, -1.5, 0, 0
"(1, 2)", 0, 0, 0, -2.19
"(1, 3)", 0, 0, 0, -1.0
"(1, 4)", 0, 0, 0, -1.0
"(2, 0)", 0, 0, -1.0, -1.0
"(2, 1)", 0, -3.2731, -1.5, 0
"(2, 2)", -1.7, -1.0, -1.0, -2.55
"(2, 3)", 0, -1.75, 0, -1.0
"(2, 4)", -1.5, 0, 0, -1.0
"(3, 0)", 0, -1.0, 0, -1.0
"(3, 1)", -1.0, -1.5, -1.0, -1.0
"(3, 2)", -1.5, -1.0, -1.0, -1.5
"(3, 3)", -1.0, -1.0, 0, 0
"(3, 4)", 0, 0, 0, -1.0
"(4, 0)", 0, 0, 0, 0
"(4, 1)", 0, -1.0, 0, -1.0
"(4, 2)", -1.0, -1.5, 0, -1.0
"(4, 3)", -1.0, -1.0, 0, -1.0
"(4, 4)", -1.0, 0, 0, 0
"False, True, False, True, True, True, False"
Position,N,S,E,W
"(0, 0)", 0, 0, 32.849999999999994, 0
"(0, 1)", 5.8, -3.465, 0, 0
"(0, 2)", -2.55, -1.7, -2.45, 0
"(0, 3)", -3.3249999999999997, -2.2, -2.75, 0
"(0, 4)", -3.15, 0, -2.2, 0
"(1, 0)", 0, 0, 0, -1.0
"(1, 1)", -1.0, 0, 0, 0
"(1, 2)", -1.0, -1.5, 0, -1.5
"(1, 3)", -1.75, -2.2, -1.0, -2.1
"(1, 4)", -1.5, 0, -1.7, -2.45
"(2, 0)", 0, 0, 0, 0
"(2, 1)", 0, 0, 0, 0
"(2, 2)", 0, -1.0, 0, 0
"(2, 3)", -1.0, -1.0, 0, -1.0
"(2, 4)", -1.0, 0, -1.0, -1.5
"(3, 0)", 0, 0, 0, 0
"(3, 1)", 0, 0, 0, 0
"(3, 2)", 0, 0, 0, 0
"(3, 3)", 0, 0, 0, 0
"(3, 4)", 0, 0, -1.0, 0
"(4, 0)", 0, 0, 0, 0
"(4, 1)", 0, 0, 0, 0
"(4, 2)", 0, 0, 0, 0
"(4, 3)", 0, 0, 0, 0
"(4, 4)", 15.0, 0, 0, 0
"True, True, False, True, True, False, True"
Position,N,S,E,W
"(0, 0)", 0, 0, 0, 0
"(0, 1)", 0, 0, 0, 0
"(0, 2)", 0, 0, 0, 0
"(0, 3)", 0, 0, 0, 0
"(0, 4)", 0, 0, 0, 0
"(1, 0)", 0, 0, 0, 0
"(1, 1)", 0, 0, 0, 0
"(1, 2)", 0, 0, 0, 0
"(1, 3)", 0, 0, 0, 0
"(1, 4)", 0, 0, 0, 0
"(2, 0)", 0, 0, 0, 0
"(2, 1)", 0, 0, 0, 0
"(2, 2)", 0, 0, 0, 0
"(2, 3)", 0, 0, 0, 0
"(2, 4)", 0, 0, 0, 0
"(3, 0)", 0, 0, 0, 0
"(3, 1)", 0, 0, 0, 0
"(3, 2)", 0, 0, 0, 0
"(3, 3)", 0, 0, 0, 0
"(3, 4)", 0, 0, 0, 0
"(4, 0)", 0, 0, 0, 0
"(4, 1)", 0, 0, 0, 0
"(4, 2)", 0, 0, 0, 0
"(4, 3)", 0, 0, 0, 0
"(4, 4)", 0, 0, 0, 0
"False, True, False, True, True, False, True"
Position,N,S,E,W
"(0, 0)", 0, 0, 0, 0
"(0, 1)", 0, 0, 0, 0
"(0, 2)", 0, 0, 0, 0
"(0, 3)", 0, 0, 0, 0
"(0, 4)", 0, 0, 0, 0
"(1, 0)", 0, 0, 0, 0
"(1, 1)", 0, 0, 0, 0
"(1, 2)", 0, 0, 0, 0
"(1, 3)", 0, 0, 0, 0
"(1, 4)", 0, 0, 0, 0
"(2, 0)", 0, 0, 0, 0
"(2, 1)", 0, 0, 0, 0
"(2, 2)", 0, 0, 0, 0
"(2, 3)", 0, 0, 0, 0
"(2, 4)", 0, 0, 0, 0
"(3, 0)", 0, 0, 0, 0
"(3, 1)", 0, 0, 0, 0
"(3, 2)", 0, 0, 0, 0
"(3, 3)", 0, 0, 0, 0
"(3, 4)", 0, 0, 0, 0
"(4, 0)", 0, 0, 0, 0
"(4, 1)", 0, 0, 0, 0
"(4, 2)", 0, 0, 0, 0
"(4, 3)", 0, 0, 0, 0
"(4, 4)", 0, 0, 0, 0
"True, True, False, True, True, False, False"
Position,N,S,E,W
"(0, 0)", 0, 0, 0, 0
"(0, 1)", 0, 0, 0, 0
"(0, 2)", 0, 0, 0, 0
"(0, 3)", 0, 0, 0, 0
"(0, 4)", 0, 0, 0, 0
"(1, 0)", 0, 0, 0, 0
"(1, 1)", 0, 0, 0, 0
"(1, 2)", 0, 0, 0, 0
"(1, 3)", 0, 0, 0, 0
"(1, 4)", 0, 0, 0, 0
"(2, 0)", 0, 0, 0, 0
"(2, 1)", 0, 0, 0, 0
"(2, 2)", 0, 0, 0, 0
"(2, 3)", 0, 0, 0, 0
"(2, 4)", 0, 0, 0, 0
"(3, 0)", 0, 0, 0, 0
"(3, 1)", 0, 0, 0, 0
"(3, 2)", 0, 0, 0, 0
"(3, 3)", 0, 0, 0, 0
"(3, 4)", 0, 0, 0, 0
"(4, 0)", 0, 0, 0, 0
"(4, 1)", 0, 0, 0, 0
"(4, 2)", 0, 0, 0, 0
"(4, 3)", 0, 0, 0, 0
"(4, 4)", 0, 0, 0, 0
"False, True, False, True, True, False, False"
Position,N,S,E,W
"(0, 0)", 0, 0, 0, 0
"(0, 1)", 0, 0, 0, 0
"(0, 2)", 0, 0, 0, 0
"(0, 3)", 0, 0, 0, 0
"(0, 4)", 0, 0, 0, 0
"(1, 0)", 0, 0, 0, 0
"(1, 1)", 0, 0, 0, 0
"(1, 2)", 0, 0, 0, 0
"(1, 3)", 0, 0, 0, 0
"(1, 4)", 0, 0, 0, 0
"(2, 0)", 0, 0, 0, 0
"(2, 1)", 0, 0, 0, 0
"(2, 2)", 0, 0, 0, 0
"(2, 3)", 0, 0, 0, 0
"(2, 4)", 0, 0, 0, 0
"(3, 0)", 0, 0, 0, 0
"(3, 1)", 0, 0, 0, 0
"(3, 2)", 0, 0, 0, 0
"(3, 3)", 0, 0, 0, 0
"(3, 4)", 0, 0, 0, 0
"(4, 0)", 0, 0, 0, 0
"(4, 1)", 0, 0, 0, 0
"(4, 2)", 0, 0, 0, 0
"(4, 3)", 0, 0, 0, 0
"(4, 4)", 0, 0, 0, 0
"True, True, False, True, False, True, True"
Position,N,S,E,W
"(0, 0)", 0, -28.10550434369531, -6.235474999999999, 0
"(0, 1)", -25.15260796967187, -3.635, -6.2368749999999995, 0
"(0, 2)", -5.4659375, -1.7, -2.275, 0
"(0, 3)", 0, 5.55, 0, 0
"(0, 4)", 14.5, 0, 15.0, 0
"(1, 0)", 0, -7.7489824999999986, -2.19, -3.115
"(1, 1)", -3.635, -2.7779999999999996, -3.275, -6.002675
"(1, 2)", -2.27, 0, -5.754249999999999, -2.55
"(1, 3)", 0, 0, 0, 0
"(1, 4)", 0, 0, 0, 0
"(2, 0)", 0, -2.55, -1.0, -4.2965
"(2, 1)", -1.7, -6.392169999999998, -1.0, -4.3525
"(2, 2)", -7.1153949999999995, -2.533, -5.66125, -1.0
"(2, 3)", 0, 18.02515, 0, 0
"(2, 4)", 32.849999999999994, 0, 40.838305, 15.0
"(3, 0)", 0, -1.0, 0, -2.5725
"(3, 1)", -1.0, -2.275, 0, 0
"(3, 2)", 0, -2.3475, 0, -4.6675
"(3, 3)", 0, -2.295, 0, -1.0
"(3, 4)", 0, 0, -2.575, 9.9769
"(4, 0)", 0, 0, 0, 0
"(4, 1)", 0, -1.0, 0, 0
"(4, 2)", -1.0, 0, 0, -1.0
"(4, 3)", -1.0, -4.8195, 0, -1.0
"(4, 4)", -5.3925, 0, 0, -3.8275
"False, True, False, True, False, True, True"
Position,N,S,E,W
"(0, 0)", 0, 25.5, 25.5, 0
"(0, 1)", 15.809999999999999, -1.0, 0, 0
"(0, 2)", 1.2, -2.795, -2.2, 0
"(0, 3)", -3.2849999999999997, -6.1544, -6.365, 0
"(0, 4)", -6.861799999999999, 0, -8.62224125, 0
"(1, 0)", 0, 0, 0, -1.0
"(1, 1)", 0, -2.1, 0, -1.5
"(1, 2)", -1.0, -2.925, -1.7, -2.2
"(1, 3)", -5.993124999999999, -3.1849999999999996, -2.69, -7.83475
"(1, 4)", -4.1754999999999995, 0, -3.9779999999999998, -10.157211875
"(2, 0)", 0, -1.5, -2.2, -1.0
"(2, 1)", -2.45, 0, 0, -1.0
"(2, 2)", -2.2, -1.75, -1.0, 0
"(2, 3)", -1.5, -5.26285, 0, -7.196874999999999
"(2, 4)", -6.096175, 0, 2.163900000000001, -4.2725
"(3, 0)", 0, 0, -1.0, -2.45
"(3, 1)", 0, -1.0, 0, 0
"(3, 2)", -1.0, -1.0, 0, -1.0
"(3, 3)", -1.0, 0, 0, 0
"(3, 4)", 0, 0, 18.901899999999998, -3.9219999999999997
"(4, 0)", 0, 0, 0, -1.5
"(4, 1)", 0, 0, 0, 0
"(4, 2)", 0, 0, 0, 0
"(4, 3)", 0, 0, 0, 0
"(4, 4)", 32.849999999999994, 0, 0, 24.405
"True, True, False, True, False, True, False"
Position,N,S,E,W
"(0, 0)", 0, -58.21782490361065, -63.04234163850816, 0
"(0, 1)", -37.81478667844928, 36.60559744130578, -26.050121469186713, 0
"(0, 2)", -19.778406173607888, 65.20075465962498, -19.594140249609374, 0
"(0, 3)", 0, 67.13988192919999, 0, 0
"(0, 4)", 49.762621924502845, 0, 14.5, 0
"(1, 0)", 0, -28.144706105594928, -10.479387399999998, -95.63248025983476
"(1, 1)", -20.16957904418374, -8.2854481875, -5.922424999999999, -27.480273425913666
"(1, 2)", -10.357262301124997, -11.260241906625, -10.69312987890625, -13.9872037421875
"(1, 3)", -12.93276249609375, -1.0, -6.663349999999999, 11.358749999999997
"(1, 4)", 0, 0, 0, 68.71544610205048
"(2, 0)", 0, -12.928978749999999, -5.7505, -15.5753977
"(2, 1)", -10.43821025, -7.155645, -2.19, -9.318815904999997
"(2, 2)", -11.103121713474998, 11.807917343749999, -7.05278984375, -6.8424874375
"(2, 3)", -9.56349075, 45.13494707562499, -10.15475729, -3.8850000000000002
"(2, 4)", -4.931049999999999, 0, -11.018949342783982, 70.33045242249123
"(3, 0)", 0, -7.11975, -10.038924999999999, -4.71
"(3, 1)", -7.493499999999999, -2.025, -1.0, -3.8680999999999996
"(3, 2)", -1.875, -10.257434374999999, -7.5065796874999995, -7.3759280096249995
"(3, 3)", -9.00582375, -8.841163949999999, -26.380726632593937, -7.8315315
"(3, 4)", -12.644900312499999, 0, -25.366207470546872, 2.4834508325
"(4, 0)", 0, -16.834816899999996, 0, -9.088449999999998
"(4, 1)", -13.957127624999998, -8.328914413125, 0, -2.55
"(4, 2)", -5.72359375, -14.396482065874999, 0, -4.34578125
"(4, 3)", -5.4719315, -120.64841296948507, 0, -34.92401925751536
"(4, 4)", -106.70937674646629, 0, 0, -34.546875407247654
"False, True, False, True, False, True, False"
Position,N,S,E,W
"(0, 0)", 0, 25.5, 45.882284999999996, 0
"(0, 1)", 35.359480999999995, 4.14825, 0, 0
"(0, 2)", 31.664595, -6.834099999999999, -7.759499999999999, 0
"(0, 3)", 7.085099999999999, -146.13445114313487, -25.940286612384522, 0
"(0, 4)", -116.13479695601707, 0, -78.97739620162602, 0
"(1, 0)", 0, 0, 0, 19.975
"(1, 1)", -1.7, -1.0, -1.0, -2.25
"(1, 2)", -4.0396, -5.9724166550625, -4.624775, -10.015089999999999
"(1, 3)", -8.147076209999998, -8.544833310125, -13.597386926585937, -24.206344620769475
"(1, 4)", -12.62177746657375, 0, 84.96909158039142, -47.78313516715687
"(2, 0)", 0, 0, 0, 0
"(2, 1)", 0, -5.419999999999999, -3.04, -1.75
"(2, 2)", -4.2606, -3.4565, -2.715, -6.703144999999999
"(2, 3)", -4.7646, 29.259309329639052, -1.7, -4.81139698046875
"(2, 4)", -5.564146953125, 0, 98.04296977652498, -11.418449874765624
"(3, 0)", 0, -1.0, 0, 0
"(3, 1)", -1.0, -1.0, -1.0, -3.5875
"(3, 2)", -1.0, -1.5, 0, -3.77825
"(3, 3)", 0, -1.0, -1.0, -3.405698490234375
"(3, 4)", 0, 0, 73.63865739251999, -4.3908484375
"(4, 0)", 0, -2.19, 0, 0
"(4, 1)", -2.19, -1.0, 0, 0
"(4, 2)", 0, -1.0, 0, 0
"(4, 3)", 0, 5.8, 0, 0
"(4, 4)", 49.307935639949996, 0, 0, 25.5
"True, True, False, True, False, False, True"
Position,N,S,E,W
"(0, 0)", 0, 0, 0, 0
"(0, 1)", 0, 0, 0, 0
"(0, 2)", 0, 0, 0, 0
"(0, 3)", 0, 0, 0, 0
"(0, 4)", 0, 0, 0, 0
"(1, 0)", 0, 0, 0, 0
"(1, 1)", 0, 0, 0, 0
"(1, 2)", 0, 0, 0, 0
"(1, 3)", 0, 0, 0, 0
"(1, 4)", 0, 0, 0, 0
"(2, 0)", 0, 0, 0, 0
"(2, 1)", 0, 0, 0, 0
"(2, 2)", 0, 0, 0, 0
"(2, 3)", 0, 0, 0, 0
"(2, 4)", 0, 0, 0, 0
"(3, 0)", 0, 0, 0, 0
"(3, 1)", 0, 0, 0, 0
"(3, 2)", 0, 0, 0, 0
"(3, 3)", 0, 0, 0, 0
"(3, 4)", 0, 0, 0, 0
"(4, 0)", 0, 0, 0, 0
"(4, 1)", 0, 0, 0, 0
"(4, 2)", 0, 0, 0, 0
"(4, 3)", 0, 0, 0, 0
"(4, 4)", 0, 0, 0, 0
"False, True, False, True, False, False, True"
Position,N,S,E,W
"(0, 0)", 0, 0, 0, 0
"(0, 1)", 0, 0, 0, 0
"(0, 2)", 0, 0, 0, 0
"(0, 3)", 0, 0, 0, 0
"(0, 4)", 0, 0, 0, 0
"(1, 0)", 0, 0, 0, 0
"(1, 1)", 0, 0, 0, 0
"(1, 2)", 0, 0, 0, 0
"(1, 3)", 0, 0, 0, 0
"(1, 4)", 0, 0, 0, 0
"(2, 0)", 0, 0, 0, 0
"(2, 1)", 0, 0, 0, 0
"(2, 2)", 0, 0, 0, 0
"(2, 3)", 0, 0, 0, 0
"(2, 4)", 0, 0, 0, 0
"(3, 0)", 0, 0, 0, 0
"(3, 1)", 0, 0, 0, 0
"(3, 2)", 0, 0, 0, 0
"(3, 3)", 0, 0, 0, 0
"(3, 4)", 0, 0, 0, 0
"(4, 0)", 0, 0, 0, 0
"(4, 1)", 0, 0, 0, 0
"(4, 2)", 0, 0, 0, 0
"(4, 3)", 0, 0, 0, 0
"(4, 4)", 0, 0, 0, 0
"True, True, False, True, False, False, False"
Position,N,S,E,W
"(0, 0)", 0, 0, 0, 0
"(0, 1)", 0, 0, 0, 0
"(0, 2)", 0, 0, 0, 0
"(0, 3)", 0, 0, 0, 0
"(0, 4)", 0, 0, 0, 0
"(1, 0)", 0, 0, 0, 0
"(1, 1)", 0, 0, 0, 0
"(1, 2)", 0, 0, 0, 0
"(1, 3)", 0, 0, 0, 0
"(1, 4)", 0, 0, 0, 0
"(2, 0)", 0, 0, 0, 0
"(2, 1)", 0, 0, 0, 0
"(2, 2)", 0, 0, 0, 0
"(2, 3)", 0, 0, 0, 0
"(2, 4)", 0, 0, 0, 0
"(3, 0)", 0, 0, 0, 0
"(3, 1)", 0, 0, 0, 0
"(3, 2)", 0, 0, 0, 0
"(3, 3)", 0, 0, 0, 0
"(3, 4)", 0, 0, 0, 0
"(4, 0)", 0, 0, 0, 0
"(4, 1)", 0, 0, 0, 0
"(4, 2)", 0, 0, 0, 0
"(4, 3)", 0, 0, 0, 0
"(4, 4)", 0, 0, 0, 0
"False, True, False, True, False, False, False"
Position,N,S,E,W
"(0, 0)", 0, 0, 0, 0
"(0, 1)", 0, 0, 0, 0
"(0, 2)", 0, 0, 0, 0
"(0, 3)", 0, 0, 0, 0
"(0, 4)", 0, 0, 0, 0
"(1, 0)", 0, 0, 0, 0
"(1, 1)", 0, 0, 0, 0
"(1, 2)", 0, 0, 0, 0
"(1, 3)", 0, 0, 0, 0
"(1, 4)", 0, 0, 0, 0
"(2, 0)", 0, 0, 0, 0
"(2, 1)", 0, 0, 0, 0
"(2, 2)", 0, 0, 0, 0
"(2, 3)", 0, 0, 0, 0
"(2, 4)", 0, 0, 0, 0
"(3, 0)", 0, 0, 0, 0
"(3, 1)", 0, 0, 0, 0
"(3, 2)", 0, 0, 0, 0
"(3, 3)", 0, 0, 0, 0
"(3, 4)", 0, 0, 0, 0
"(4, 0)", 0, 0, 0, 0
"(4, 1)", 0, 0, 0, 0
"(4, 2)", 0, 0, 0, 0
"(4, 3)", 0, 0, 0, 0
"(4, 4)", 0, 0, 0, 0
"True, True, False, False, True, True, True"
Position,N,S,E,W
"(0, 0)", 0, 0, 0, 0
"(0, 1)", 0, 0, 0, 0
"(0, 2)", 0, 0, 0, 0
"(0, 3)", 0, 0, 0, 0
"(0, 4)", 0, 0, 0, 0
"(1, 0)", 0, 0, 0, 0
"(1, 1)", 0, 0, 0, 0
"(1, 2)", 0, 0, 0, 0
"(1, 3)", 0, 0, 0, 0
"(1, 4)", 0, 0, 0, 0
"(2, 0)", 0, 0, 0, 0
"(2, 1)", 0, 0, 0, 0
"(2, 2)", 0, 0, 0, 0
"(2, 3)", 0, 0, 0, 0
"(2, 4)", 0, 0, 0, 0
"(3, 0)", 0, 0, 0, 0
"(3, 1)", 0, 0, 0, 0
"(3, 2)", 0, 0, 0, 0
"(3, 3)", 0, 0, 0, 0
"(3, 4)", 0, 0, 0, 0
"(4, 0)", 0, 0, 0, 0
"(4, 1)", 0, 0, 0, 0
"(4, 2)", 0, 0, 0, 0
"(4, 3)", 0, 0, 0, 0
"(4, 4)", 0, 0, 0, 0
"False, True, False, False, True, True, True"
Position,N,S,E,W
"(0, 0)", 0, 0, 0, 0
"(0, 1)", 0, 0, 0, 0
"(0, 2)", 0, 0, 0, 0
"(0, 3)", 0, 0, 0, 0
"(0, 4)", 0, 0, 0, 0
"(1, 0)", 0, 0, 0, 0
"(1, 1)", 0, 0, 0, 0
"(1, 2)", 0, 0, 0, 0
"(1, 3)", 0, 0, 0, 0
"(1, 4)", 0, 0, 0, 0
"(2, 0)", 0, 0, 0, 0
"(2, 1)", 0, 0, 0, 0
"(2, 2)", 0, 0, 0, 0
"(2, 3)", 0, 0, 0, 0
"(2, 4)", 0, 0, 0, 0
"(3, 0)", 0, 0, 0, 0
"(3, 1)", 0, 0, 0, 0
"(3, 2)", 0, 0, 0, 0
"(3, 3)", 0, 0, 0, 0
"(3, 4)", 0, 0, 0, 0
"(4, 0)", 0, 0, 0, 0
"(4, 1)", 0, 0, 0, 0
"(4, 2)", 0, 0, 0, 0
"(4, 3)", 0, 0, 0, 0
"(4, 4)", 0, 0, 0, 0
"True, True, False, False, True, True, False"
Position,N,S,E,W
"(0, 0)", 0, 0, 0, 0
"(0, 1)", 0, 0, 0, 0
"(0, 2)", 0, 0, 0, 0
"(0, 3)", 0, 0, 0, 0
"(0, 4)", 0, 0, 0, 0
"(1, 0)", 0, 0, 0, 0
"(1, 1)", 0, 0, 0, 0
"(1, 2)", 0, 0, 0, 0
"(1, 3)", 0, 0, 0, 0
"(1, 4)", 0, 0, 0, 0
"(2, 0)", 0, 0, 0, 0
"(2, 1)", 0, 0, 0, 0
"(2, 2)", 0, 0, 0, 0
"(2, 3)", 0, 0, 0, 0
"(2, 4)", 0, 0, 0, 0
"(3, 0)", 0, 0, 0, 0
"(3, 1)", 0, 0, 0, 0
"(3, 2)", 0, 0, 0, 0
"(3, 3)", 0, 0, 0, 0
"(3, 4)", 0, 0, 0, 0
"(4, 0)", 0, 0, 0, 0
"(4, 1)", 0, 0, 0, 0
"(4, 2)", 0, 0, 0, 0
"(4, 3)", 0, 0, 0, 0
"(4, 4)", 0, 0, 0, 0
"False, True, False, False, True, True, False"
Position,N,S,E,W
"(0, 0)", 0, 0, 0, 0
"(0, 1)", 0, 0, 0, 0
"(0, 2)", 0, 0, 0, 0
"(0, 3)", 0, 0, 0, 0
"(0, 4)", 0, 0, 0, 0
"(1, 0)", 0, 0, 0, 0
"(1, 1)", 0, 0, 0, 0
"(1, 2)", 0, 0, 0, 0
"(1, 3)", 0, 0, 0, 0
"(1, 4)", 0, 0, 0, 0
"(2, 0)", 0, 0, 0, 0
"(2, 1)", 0, 0, 0, 0
"(2, 2)", 0, 0, 0, 0
"(2, 3)", 0, 0, 0, 0
"(2, 4)", 0, 0, 0, 0
"(3, 0)", 0, 0, 0, 0
"(3, 1)", 0, 0, 0, 0
"(3, 2)", 0, 0, 0, 0
"(3, 3)", 0, 0, 0, 0
"(3, 4)", 0, 0, 0, 0
"(4, 0)", 0, 0, 0, 0
"(4, 1)", 0, 0, 0, 0
"(4, 2)", 0, 0, 0, 0
"(4, 3)", 0, 0, 0, 0
"(4, 4)", 0, 0, 0, 0
"True, True, False, False, True, False, True"
Position,N,S,E,W
"(0, 0)", 0, 0, 0, 0
"(0, 1)", 0, 0, 0, 0
"(0, 2)", 0, 0, 0, 0
"(0, 3)", 0, 0, 0, 0
"(0, 4)", 0, 0, 0, 0
"(1, 0)", 0, 0, 0, 0
"(1, 1)", 0, 0, 0, 0
"(1, 2)", 0, 0, 0, 0
"(1, 3)", 0, 0, 0, 0
"(1, 4)", 0, 0, 0, 0
"(2, 0)", 0, 0, 0, 0
"(2, 1)", 0, 0, 0, 0
"(2, 2)", 0, 0, 0, 0
"(2, 3)", 0, 0, 0, 0
"(2, 4)", 0, 0, 0, 0
"(3, 0)", 0, 0, 0, 0
"(3, 1)", 0, 0, 0, 0
"(3, 2)", 0, 0, 0, 0
"(3, 3)", 0, 0, 0, 0
"(3, 4)", 0, 0, 0, 0
"(4, 0)", 0, 0, 0, 0
"(4, 1)", 0, 0, 0, 0
"(4, 2)", 0, 0, 0, 0
"(4, 3)", 0, 0, 0, 0
"(4, 4)", 0, 0, 0, 0
"False, True, False, False, True, False, True"
Position,N,S,E,W
"(0, 0)", 0, 0, 0, 0
"(0, 1)", 0, 0, 0, 0
"(0, 2)", 0, 0, 0, 0
"(0, 3)", 0, 0, 0, 0
"(0, 4)", 0, 0, 0, 0
"(1, 0)", 0, 0, 0, 0
"(1, 1)", 0, 0, 0, 0
"(1, 2)", 0, 0, 0, 0
"(1, 3)", 0, 0, 0, 0
"(1, 4)", 0, 0, 0, 0
"(2, 0)", 0, 0, 0, 0
"(2, 1)", 0, 0, 0, 0
"(2, 2)", 0, 0, 0, 0
"(2, 3)", 0, 0, 0, 0
"(2, 4)", 0, 0, 0, 0
"(3, 0)", 0, 0, 0, 0
"(3, 1)", 0, 0, 0, 0
"(3, 2)", 0, 0, 0, 0
"(3, 3)", 0, 0, 0, 0
"(3, 4)", 0, 0, 0, 0
"(4, 0)", 0, 0, 0, 0
"(4, 1)", 0, 0, 0, 0
"(4, 2)", 0, 0, 0, 0
"(4, 3)", 0, 0, 0, 0
"(4, 4)", 0, 0, 0, 0
"True, True, False, False, True, False, False"
Position,N,S,E,W
"(0, 0)", 0, 0, 0, 0
"(0, 1)", 0, 0, 0, 0
"(0, 2)", 0, 0, 0, 0
"(0, 3)", 0, 0, 0, 0
"(0, 4)", 0, 0, 0, 0
"(1, 0)", 0, 0, 0, 0
"(1, 1)", 0, 0, 0, 0
"(1, 2)", 0, 0, 0, 0
"(1, 3)", 0, 0, 0, 0
"(1, 4)", 0, 0, 0, 0
"(2, 0)", 0, 0, 0, 0
"(2, 1)", 0, 0, 0, 0
"(2, 2)", 0, 0, 0, 0
"(2, 3)", 0, 0, 0, 0
"(2, 4)", 0, 0, 0, 0
"(3, 0)", 0, 0, 0, 0
"(3, 1)", 0, 0, 0, 0
"(3, 2)", 0, 0, 0, 0
"(3, 3)", 0, 0, 0, 0
"(3, 4)", 0, 0, 0, 0
"(4, 0)", 0, 0, 0, 0
"(4, 1)", 0, 0, 0, 0
"(4, 2)", 0, 0, 0, 0
"(4, 3)", 0, 0, 0, 0
"(4, 4)", 0, 0, 0, 0
"False, True, False, False, True, False, False"
Position,N,S,E,W
"(0, 0)", 0, 0, 0, 0
"(0, 1)", 0, 0, 0, 0
"(0, 2)", 0, 0, 0, 0
"(0, 3)", 0, 0, 0, 0
"(0, 4)", 0, 0, 0, 0
"(1, 0)", 0, 0, 0, 0
"(1, 1)", 0, 0, 0, 0
"(1, 2)", 0, 0, 0, 0
"(1, 3)", 0, 0, 0, 0
"(1, 4)", 0, 0, 0, 0
"(2, 0)", 0, 0, 0, 0
"(2, 1)", 0, 0, 0, 0
"(2, 2)", 0, 0, 0, 0
"(2, 3)", 0, 0, 0, 0
"(2, 4)", 0, 0, 0, 0
"(3, 0)", 0, 0, 0, 0
"(3, 1)", 0, 0, 0, 0
"(3, 2)", 0, 0, 0, 0
"(3, 3)", 0, 0, 0, 0
"(3, 4)", 0, 0, 0, 0
"(4, 0)", 0, 0, 0, 0
"(4, 1)", 0, 0, 0, 0
"(4, 2)", 0, 0, 0, 0
"(4, 3)", 0, 0, 0, 0
"(4, 4)", 0, 0, 0, 0
"True, True, False, False, False, True, True"
Position,N,S,E,W
"(0, 0)", 0, 0, 0, 0
"(0, 1)", 0, 0, 0, 0
"(0, 2)", 0, 0, 0, 0
"(0, 3)", 0, 0, 0, 0
"(0, 4)", 0, 0, 0, 0
"(1, 0)", 0, 0, 0, 0
"(1, 1)", 0, 0, 0, 0
"(1, 2)", 0, 0, 0, 0
"(1, 3)", 0, 0, 0, 0
"(1, 4)", 0, 0, 0, 0
"(2, 0)", 0, 0, 0, 0
"(2, 1)", 0, 0, 0, 0
"(2, 2)", 0, 0, 0, 0
"(2, 3)", 0, 0, 0, 0
"(2, 4)", 0, 0, 0, 0
"(3, 0)", 0, 0, 0, 0
"(3, 1)", 0, 0, 0, 0
"(3, 2)", 0, 0, 0, 0
"(3, 3)", 0, 0, 0, 0
"(3, 4)", 0, 0, 0, 0
"(4, 0)", 0, 0, 0, 0
"(4, 1)", 0, 0, 0, 0
"(4, 2)", 0, 0, 0, 0
"(4, 3)", 0, 0, 0, 0
"(4, 4)", 0, 0, 0, 0
"False, True, False, False, False, True, True"
Position,N,S,E,W
"(0, 0)", 0, 0, 0, 0
"(0, 1)", 0, 0, 0, 0
"(0, 2)", 0, 0, 0, 0
"(0, 3)", 0, 0, 0, 0
"(0, 4)", 0, 0, 0, 0
"(1, 0)", 0, 0, 0, 0
"(1, 1)", 0, 0, 0, 0
"(1, 2)", 0, 0, 0, 0
"(1, 3)", 0, 0, 0, 0
"(1, 4)", 0, 0, 0, 0
"(2, 0)", 0, 0, 0, 0
"(2, 1)", 0, 0, 0, 0
"(2, 2)", 0, 0, 0, 0
"(2, 3)", 0, 0, 0, 0
"(2, 4)", 0, 0, 0, 0
"(3, 0)", 0, 0, 0, 0
"(3, 1)", 0, 0, 0, 0
"(3, 2)", 0, 0, 0, 0
"(3, 3)", 0, 0, 0, 0
"(3, 4)", 0, 0, 0, 0
"(4, 0)", 0, 0, 0, 0
"(4, 1)", 0, 0, 0, 0
"(4, 2)", 0, 0, 0, 0
"(4, 3)", 0, 0, 0, 0
"(4, 4)", 0, 0, 0, 0
"True, True, False, False, False, True, False"
Position,N,S,E,W
"(0, 0)", 0, -31.632990020171874, -22.83637058312499, 0
"(0, 1)", -31.82371758409375, 4.2942481249999975, -7.778704499999999, 0
"(0, 2)", -10.62924534375, 46.155857070678735, -2.625, 0
"(0, 3)", 0, 73.67796180573798, 0, 0
"(0, 4)", 49.762621924502845, 0, 14.5, 0
"(1, 0)", 0, -8.25612, -8.280387274999999, -15.056302624999995
"(1, 1)", -5.074, -5.411, -7.444913999999999, -4.03617
"(1, 2)", -4.832, -3.383, -6.346440625, -7.609622671875
"(1, 3)", -2.19, -1.0, -2.0949999999999998, 78.57712212474996
"(1, 4)", 0, 0, 0, 56.040132819974986
"(2, 0)", 0, -8.926749999999998, -6.194125, -10.294991422499999
"(2, 1)", -7.270099999999999, -8.491687499999998, -8.2812695, -9.472545
"(2, 2)", -8.3951, -6.913092499999999, -6.446681249999999, -7.7283963359375
"(2, 3)", -5.27825, -2.9749999999999996, -3.8799999999999994, 54.55751400999998
"(2, 4)", -2.575, 0, -3.0765, 40.41268749999999
"(3, 0)", 0, -8.74818, -6.818249999999999, -6.640599999999999
"(3, 1)", -7.632244999999999, -5.7978, -6.04237, -9.2552425
"(3, 2)", -6.825075, -7.177035, -5.6573625, -10.068372387499998
"(3, 3)", -3.633, -4.8556, -6.777749999999999, -4.8061
"(3, 4)", -4.153, 0, -5.46875, 15.084192499999997
"(4, 0)", 0, -15.290841249999996, 0, -7.685999999999999
"(4, 1)", -17.755071874999995, -2.533, 0, -8.274384999999999
"(4, 2)", -5.1274999999999995, -5.954725, 0, -6.74068125
"(4, 3)", -7.220112499999999, -13.8071024375, 0, -8.212765
"(4, 4)", -9.20145625, 0, 0, -9.671188749999999
"False, True, False, False, False, True, False"
Position,N,S,E,W
"(0, 0)", 0, 49.83383534715199, 0, 0
"(0, 1)", 76.9940184521228, 0, 0, 0
"(0, 2)", 107.32712413901498, -8.446210937499998, -1.0, 0
"(0, 3)", 120.59756179678122, -46.34469025662425, -2.9749999999999996, 0
"(0, 4)", -27.203724523963274, 0, -27.24139200829861, 0
"(1, 0)", 0, 0, 0, 40.332049999999995
"(1, 1)", -2.2, -1.75, -1.5, -1.0
"(1, 2)", -3.29, -4.001375, -3.5199999999999996, -2.55
"(1, 3)", -4.3945, -4.60275, -6.2027372875, 99.38291584282808
"(1, 4)", -10.748107577043374, 0, -11.589876125, -14.975478890624998
"(2, 0)", 0, -1.5, -1.0, 15.934124999999998
"(2, 1)", -1.7, -2.925, -1.0, -1.7
"(2, 2)", -3.39, -3.6369484374999996, -2.94, -3.99
"(2, 3)", -3.9829999999999997, -5.273896874999999, -6.6394745749999995, -5.6267499999999995
"(2, 4)", -9.2123903921875, 0, -10.723740249999999, -8.944098749999998
"(3, 0)", 0, -1.5, -1.0, 0.5625000000000002
"(3, 1)", -1.7, -1.85, -1.0, -2.2
"(3, 2)", -2.2, -1.7, -3.4365499999999995, -3.275
"(3, 3)", -3.29, -2.0949999999999998, -7.62739915, -4.336948437499999
"(3, 4)", -3.5805, 0, -8.322965, -7.622449374999999
"(4, 0)", 0, -1.7, 0, -1.5
"(4, 1)", -1.7, -1.0, 0, -2.2
"(4, 2)", -2.55, -2.7731, 0, -1.75
"(4, 3)", -2.7731, -8.7516983, 0, -1.5
"(4, 4)", -9.636295999999998, 0, 0, -9.473885
"True, True, False, False, False, False, True"
Position,N,S,E,W
"(0, 0)", 0, 0, 0, 0
"(0, 1)", 0, 0, 0, 0
"(0, 2)", 0, 0, 0, 0
"(0, 3)", 0, 0, 0, 0
"(0, 4)", 0, 0, 0, 0
"(1, 0)", 0, 0, 0, 0
"(1, 1)", 0, 0, 0, 0
"(1, 2)", 0, 0, 0, 0
"(1, 3)", 0, 0, 0, 0
"(1, 4)", 0, 0, 0, 0
"(2, 0)", 0, 0, 0, 0
"(2, 1)", 0, 0, 0, 0
"(2, 2)", 0, 0, 0, 0
"(2, 3)", 0, 0, 0, 0
"(2, 4)", 0, 0, 0, 0
"(3, 0)", 0, 0, 0, 0
"(3, 1)", 0, 0, 0, 0
"(3, 2)", 0, 0, 0, 0
"(3, 3)", 0, 0, 0, 0
"(3, 4)", 0, 0, 0, 0
"(4, 0)", 0, 0, 0, 0
"(4, 1)", 0, 0, 0, 0
"(4, 2)", 0, 0, 0, 0
"(4, 3)", 0, 0, 0, 0
"(4, 4)", 0, 0, 0, 0
"False, True, False, False, False, False, True"
Position,N,S,E,W
"(0, 0)", 0, 0, 0, 0
"(0, 1)", 0, 0, 0, 0
"(0, 2)", 0, 0, 0, 0
"(0, 3)", 0, 0, 0, 0
"(0, 4)", 0, 0, 0, 0
"(1, 0)", 0, 0, 0, 0
"(1, 1)", 0, 0, 0, 0
"(1, 2)", 0, 0, 0, 0
"(1, 3)", 0, 0, 0, 0
"(1, 4)", 0, 0, 0, 0
"(2, 0)", 0, 0, 0, 0
"(2, 1)", 0, 0, 0, 0
"(2, 2)", 0, 0, 0, 0
"(2, 3)", 0, 0, 0, 0
"(2, 4)", 0, 0, 0, 0
"(3, 0)", 0, 0, 0, 0
"(3, 1)", 0, 0, 0, 0
"(3, 2)", 0, 0, 0, 0
"(3, 3)", 0, 0, 0, 0
"(3, 4)", 0, 0, 0, 0
"(4, 0)", 0, 0, 0, 0
"(4, 1)", 0, 0, 0, 0
"(4, 2)", 0, 0, 0, 0
"(4, 3)", 0, 0, 0, 0
"(4, 4)", 0, 0, 0, 0
"True, True, False, False, False, False, False"
Position,N,S,E,W
"(0, 0)", 0, 0, 0, 0
"(0, 1)", 0, 0, 0, 0
"(0, 2)", 0, 0, 0, 0
"(0, 3)", 0, 0, 0, 0
"(0, 4)", 0, 0, 0, 0
"(1, 0)", 0, 0, 0, 0
"(1, 1)", 0, 0, 0, 0
"(1, 2)", 0, 0, 0, 0
"(1, 3)", 0, 0, 0, 0
"(1, 4)", 0, 0, 0, 0
"(2, 0)", 0, 0, 0, 0
"(2, 1)", 0, 0, 0, 0
"(2, 2)", 0, 0, 0, 0
"(2, 3)", 0, 0, 0, 0
"(2, 4)", 0, 0, 0, 0
"(3, 0)", 0, 0, 0, 0
"(3, 1)", 0, 0, 0, 0
"(3, 2)", 0, 0, 0, 0
"(3, 3)", 0, 0, 0, 0
"(3, 4)", 0, 0, 0, 0
"(4, 0)", 0, 0, 0, 0
"(4, 1)", 0, 0, 0, 0
"(4, 2)", 0, 0, 0, 0
"(4, 3)", 0, 0, 0, 0
"(4, 4)", 0, 0, 0, 0
"False, True, False, False, False, False, False"
Position,N,S,E,W
"(0, 0)", 0, 0, 0, 0
"(0, 1)", 0, 0, 0, 0
"(0, 2)", 0, 0, 0, 0
"(0, 3)", 0, 0, 0, 0
"(0, 4)", 0, 0, 0, 0
"(1, 0)", 0, 0, 0, 0
"(1, 1)", 0, 0, 0, 0
"(1, 2)", 0, 0, 0, 0
"(1, 3)", 0, 0, 0, 0
"(1, 4)", 0, 0, 0, 0
"(2, 0)", 0, 0, 0, 0
"(2, 1)", 0, 0, 0, 0
"(2, 2)", 0, 0, 0, 0
"(2, 3)", 0, 0, 0, 0
"(2, 4)", 0, 0, 0, 0
"(3, 0)", 0, 0, 0, 0
"(3, 1)", 0, 0, 0, 0
"(3, 2)", 0, 0, 0, 0
"(3, 3)", 0, 0, 0, 0
"(3, 4)", 0, 0, 0, 0
"(4, 0)", 0, 0, 0, 0
"(4, 1)", 0, 0, 0, 0
"(4, 2)", 0, 0, 0, 0
"(4, 3)", 0, 0, 0, 0
"(4, 4)", 0, 0, 0, 0
"True, False, True, True, True, True, True"
Position,N,S,E,W
"(0, 0)", 0, -1.0, 0, 0
"(0, 1)", 0, -1.7, 0, 0
"(0, 2)", 0, 25.5, 0, 0
"(0, 3)", 0, 0, 0, 0
"(0, 4)", 0, 0, 0, 0
"(1, 0)", 0, 0, 0, -1.0
"(1, 1)", 0, 0, 0, -1.5
"(1, 2)", 0, 0, -1.0, 0
"(1, 3)", 0, 0, 0, 0
"(1, 4)", 0, 0, 0, 0
"(2, 0)", 0, 0, 0, 0
"(2, 1)", 0, 0, -1.5, -1.0
"(2, 2)", 0, 0, -1.0, 0
"(2, 3)", 0, 0, 0, 0
"(2, 4)", 0, 0, 0, 0
"(3, 0)", 0, 0, 0, 0
"(3, 1)", 0, 0, -1.0, -1.7
"(3, 2)", -1.0, 0, 0, 0
"(3, 3)", 0, 0, 0, 0
"(3, 4)", 0, 0, 0, 0
"(4, 0)", 0, 0, 0, 0
"(4, 1)", 0, 0, 0, -1.0
"(4, 2)", 0, 0, 0, 0
"(4, 3)", 0, 0, 0, 0
"(4, 4)", 0, 0, 0, 0
"False, False, True, True, True, True, True"
Position,N,S,E,W
"(0, 0)", 0, 0, 0, 0
"(0, 1)", 0, 0, 0, 0
"(0, 2)", 0, -1.0, 0, 0
"(0, 3)", -1.0, -1.0, 0, 0
"(0, 4)", 0, 0, -1.0, 0
"(1, 0)", 0, 0, 0, 0
"(1, 1)", 0, 0, 0, 0
"(1, 2)", 0, 0, 0, 0
"(1, 3)", 0, 0, 0, 0
"(1, 4)", 0, 0, -1.0, 0
"(2, 0)", 0, 0, 0, 0
"(2, 1)", 0, 0, 0, 0
"(2, 2)", 0, 0, 0, 15.0
"(2, 3)", -1.0, 0, 0, 0
"(2, 4)", -1.0, 0, 0, 0
"(3, 0)", 0, 0, 0, 0
"(3, 1)", 0, 0, 0, 0
"(3, 2)", 0, 0, 0, 0
"(3, 3)", 0, 0, 0, 0
"(3, 4)", 0, 0, 0, 0
"(4, 0)", 0, 0, 0, 0
"(4, 1)", 0, 0, 0, 0
"(4, 2)", 0, 0, 0, 0
"(4, 3)", 0, 0, 0, 0
"(4, 4)", 0, 0, 0, 0
"True, False, True, True, True, True, False"
Position,N,S,E,W
"(0, 0)", 0, 0, 0, 0
"(0, 1)", 0, 0, 0, 0
"(0, 2)", 0, 0, 0, 0
"(0, 3)", 0, 0, 0, 0
"(0, 4)", 0, 0, 0, 0
"(1, 0)", 0, 0, 0, 0
"(1, 1)", 0, 0, 0, 0
"(1, 2)", 0, 0, 0, 0
"(1, 3)", 0, 0, 0, 0
"(1, 4)", 0, 0, 0, 0
"(2, 0)", 0, 0, 0, 0
"(2, 1)", 0, 0, 0, 0
"(2, 2)", 0, 0, 0, 0
"(2, 3)", 0, 0, 0, 0
"(2, 4)", 0, 0, 0, 0
"(3, 0)", 0, 0, 0, 0
"(3, 1)", 0, 0, 0, 0
"(3, 2)", 0, 0, 0, 0
"(3, 3)", 0, 0, 0, 0
"(3, 4)", 0, 0, 0, 0
"(4, 0)", 0, 0, 0, 0
"(4, 1)", 0, 0, 0, 0
"(4, 2)", 0, 0, 0, 0
"(4, 3)", 0, 0, 0, 0
"(4, 4)", 0, 0, 0, 0
"False, False, True, True, True, True, False"
Position,N,S,E,W
"(0, 0)", 0, 0, 0, 0
"(0, 1)", 0, 0, 0, 0
"(0, 2)", 0, 0, 0, 0
"(0, 3)", 0, 0, 0, 0
"(0, 4)", 0, 0, 0, 0
"(1, 0)", 0, 0, 0, 0
"(1, 1)", 0, 0, 0, 0
"(1, 2)", 0, 0, 0, 0
"(1, 3)", 0, 0, 0, 0
"(1, 4)", 0, 0, 0, 0
"(2, 0)", 0, 0, 0, 0
"(2, 1)", 0, 0, 0, 0
"(2, 2)", 0, 0, 0, 0
"(2, 3)", 0, 0, 0, 0
"(2, 4)", 0, 0, 0, 0
"(3, 0)", 0, 0, 0, 0
"(3, 1)", 0, 0, 0, 0
"(3, 2)", 0, 0, 0, 0
"(3, 3)", 0, 0, 0, 0
"(3, 4)", 0, 0, 0, 0
"(4, 0)", 0, 0, 0, 0
"(4, 1)", 0, 0, 0, 0
"(4, 2)", 0, 0, 0, 0
"(4, 3)", 0, 0, 0, 0
"(4, 4)", 0, 0, 0, 0
"True, False, True, True, True, False, True"
Position,N,S,E,W
"(0, 0)", 0, 0, 0, 0
"(0, 1)", 0, 0, 0, 0
"(0, 2)", 0, 0, 0, 0
"(0, 3)", 0, 0, 0, 0
"(0, 4)", 0, 0, 0, 0
"(1, 0)", 0, 0, 0, 0
"(1, 1)", 0, 0, 0, 0
"(1, 2)", 0, 0, 0, 0
"(1, 3)", 0, 0, 0, 0
"(1, 4)", 0, 0, 0, 0
"(2, 0)", 0, 0, 0, 0
"(2, 1)", 0, 0, 0, 0
"(2, 2)", 0, 0, 0, 0
"(2, 3)", 0, 0, 0, 0
"(2, 4)", 0, 0, 0, 0
"(3, 0)", 0, 0, 0, 0
"(3, 1)", 0, 0, 0, 0
"(3, 2)", 0, 0, 0, 0
"(3, 3)", 0, 0, 0, 0
"(3, 4)", 0, 0, 0, 0
"(4, 0)", 0, 0, 0, 0
"(4, 1)", 0, 0, 0, 0
"(4, 2)", 0, 0, 0, 0
"(4, 3)", 0, 0, 0, 0
"(4, 4)", 0, 0, 0, 0
"False, False, True, True, True, False, True"
Position,N,S,E,W
"(0, 0)", 0, 0, 0, 0
"(0, 1)", 0, 0, 0, 0
"(0, 2)", 0, 0, 0, 0
"(0, 3)", 0, 0, 0, 0
"(0, 4)", 0, 0, 0, 0
"(1, 0)", 0, 0, 0, 0
"(1, 1)", 0, 0, 0, 0
"(1, 2)", 0, 0, 0, 0
"(1, 3)", 0, 0, 0, 0
"(1, 4)", 0, 0, 0, 0
"(2, 0)", 0, 0, 0, 0
"(2, 1)", 0, 0, 0, 0
"(2, 2)", 0, 0, 0, 0
"(2, 3)", 0, 0, 0, 0
"(2, 4)", 0, 0, 0, 0
"(3, 0)", 0, 0, 0, 0
"(3, 1)", 0, 0, 0, 0
"(3, 2)", 0, 0, 0, 0
"(3, 3)", 0, 0, 0, 0
"(3, 4)", 0, 0, 0, 0
"(4, 0)", 0, 0, 0, 0
"(4, 1)", 0, 0, 0, 0
"(4, 2)", 0, 0, 0, 0
"(4, 3)", 0, 0, 0, 0
"(4, 4)", 0, 0, 0, 0
"True, False, True, True, True, False, False"
Position,N,S,E,W
"(0, 0)", 0, 0, 0, 0
"(0, 1)", 0, 0, 0, 0
"(0, 2)", 0, 0, 0, 0
"(0, 3)", 0, 0, 0, 0
"(0, 4)", 0, 0, 0, 0
"(1, 0)", 0, 0, 0, 0
"(1, 1)", 0, 0, 0, 0
"(1, 2)", 0, 0, 0, 0
"(1, 3)", 0, 0, 0, 0
"(1, 4)", 0, 0, 0, 0
"(2, 0)", 0, 0, 0, 0
"(2, 1)", 0, 0, 0, 0
"(2, 2)", 0, 0, 0, 0
"(2, 3)", 0, 0, 0, 0
"(2, 4)", 0, 0, 0, 0
"(3, 0)", 0, 0, 0, 0
"(3, 1)", 0, 0, 0, 0
"(3, 2)", 0, 0, 0, 0
"(3, 3)", 0, 0, 0, 0
"(3, 4)", 0, 0, 0, 0
"(4, 0)", 0, 0, 0, 0
"(4, 1)", 0, 0, 0, 0
"(4, 2)", 0, 0, 0, 0
"(4, 3)", 0, 0, 0, 0
"(4, 4)", 0, 0, 0, 0
"False, False, True, True, True, False, False"
Position,N,S,E,W
"(0, 0)", 0, 0, 0, 0
"(0, 1)", 0, 0, 0, 0
"(0, 2)", 0, 0, 0, 0
"(0, 3)", 0, 0, 0, 0
"(0, 4)", 0, 0, 0, 0
"(1, 0)", 0, 0, 0, 0
"(1, 1)", 0, 0, 0, 0
"(1, 2)", 0, 0, 0, 0
"(1, 3)", 0, 0, 0, 0
"(1, 4)", 0, 0, 0, 0
"(2, 0)", 0, 0, 0, 0
"(2, 1)", 0, 0, 0, 0
"(2, 2)", 0, 0, 0, 0
"(2, 3)", 0, 0, 0, 0
"(2, 4)", 0, 0, 0, 0
"(3, 0)", 0, 0, 0, 0
"(3, 1)", 0, 0, 0, 0
"(3, 2)", 0, 0, 0, 0
"(3, 3)", 0, 0, 0, 0
"(3, 4)", 0, 0, 0, 0
"(4, 0)", 0, 0, 0, 0
"(4, 1)", 0, 0, 0, 0
"(4, 2)", 0, 0, 0, 0
"(4, 3)", 0, 0, 0, 0
"(4, 4)", 0, 0, 0, 0
"True, False, True, True, False, True, True"
Position,N,S,E,W
"(0, 0)", 0, 0, 0, 0
"(0, 1)", 0, 0, 0, 0
"(0, 2)", 0, 0, 0, 0
"(0, 3)", 0, 0, 0, 0
"(0, 4)", 0, 0, 0, 0
"(1, 0)", 0, 0, 0, 0
"(1, 1)", 0, 0, 0, 0
"(1, 2)", 0, 0, 0, 0
"(1, 3)", 0, 0, 0, 0
"(1, 4)", 0, 0, 0, 0
"(2, 0)", 0, 0, 0, 0
"(2, 1)", 0, 0, -1.0, 0
"(2, 2)", -1.0, 0, -3.15, 0
"(2, 3)", -1.0, 0, 0, 0
"(2, 4)", 15.0, 0, 17.655, 15.0
"(3, 0)", 0, 0, 0, 0
"(3, 1)", 0, -1.5, 0, 0
"(3, 2)", 0, -1.7, -1.5, -2.2
"(3, 3)", 0, -2.9, -1.0, 0
"(3, 4)", 0, 0, -1.0, 5.3100000000000005
"(4, 0)", 0, 0, 0, 0
"(4, 1)", 0, -1.0, 0, 0
"(4, 2)", -1.0, -1.0, 0, -2.1
"(4, 3)", -1.0, -1.0, 0, -1.0
"(4, 4)", -1.5, 0, 0, -1.0
"False, False, True, True, False, True, True"
Position,N,S,E,W
"(0, 0)", 0, -1.0, -2.2, 0
"(0, 1)", -2.2, 0, 0, 0
"(0, 2)", -1.0, 0, 0, 0
"(0, 3)", -1.0, 0, -1.5, 0
"(0, 4)", 0, 0, -1.5, 0
"(1, 0)", 0, 0, -1.0, -1.0
"(1, 1)", 0, 0, 0, 0
"(1, 2)", 0, 0, -1.0, 0
"(1, 3)", -1.0, 0, 0, -1.0
"(1, 4)", -1.0, 0, 0, -1.0
"(2, 0)", 0, -1.0, 0, 0
"(2, 1)", 0, -1.0, 0, 0
"(2, 2)", 0, 15.0, 15.0, 0
"(2, 3)", 0, -1.0, 0, 0
"(2, 4)", 0, 0, -1.0, 0
"(3, 0)", 0, 0, 0, 0
"(3, 1)", 0, 0, 0, 0
"(3, 2)", 0, 0, 0, 0
"(3, 3)", 0, 0, 0, 0
"(3, 4)", 0, 0, -1.0, 0
"(4, 0)", 0, 0, 0, 0
"(4, 1)", 0, 0, 0, 0
"(4, 2)", 0, 0, 0, 0
"(4, 3)", 0, 0, 0, 0
"(4, 4)", 0, 0, 0, 15.0
"True, False, True, True, False, True, False"
Position,N,S,E,W
"(0, 0)", 0, -26.896014064375, -32.116420165243746, 0
"(0, 1)", -32.760391089812494, -11.783561517332497, -12.766395, 0
"(0, 2)", -13.687982624999998, -7.840835721721794, -7.58, 0
"(0, 3)", 0, -3.3255789828670927, 0, 0
"(0, 4)", 0, 0, 49.995239206400186, 0
"(1, 0)", 0, -20.2098321665625, -23.299225864249998, -26.5716111113125
"(1, 1)", -20.91016457390625, -14.097450528749999, -16.682703312499996, -14.671651749999999
"(1, 2)", -13.688136109374998, -8.590885624999999, -12.96180240625, -10.564062
"(1, 3)", -4.1125, -4.175084999999999, -4.29, -3.3031230309499993
"(1, 4)", 0, 0, 0, -3.1988213099999996
"(2, 0)", 0, -24.579776509999995, -21.726354666, -21.432988931249998
"(2, 1)", -20.159881825, -24.844464965908834, -21.667912025624993, -20.7595522775
"(2, 2)", -16.088395499999997, -14.528211794579997, -15.51344846875, -13.384280299999997
"(2, 3)", -13.808441499999997, -8.3850725, -8.37200625, -8.021096526
"(2, 4)", -9.02573625, 0, -8.10521225, -6.469267799999999
"(3, 0)", 0, -22.570039537499994, -20.726727507499998, -25.714838440624995
"(3, 1)", -20.957214349999997, -17.86314429625, -15.457284187499997, -20.593942174999995
"(3, 2)", -15.931339374999997, -13.547950559499998, -15.813876797499997, -15.100877499999998
"(3, 3)", -12.000756249999998, -10.588637834999998, -9.929386874999999, -9.03777625
"(3, 4)", -8.8609479, 0, -7.8046545, -9.218672575
"(4, 0)", 0, -19.773717436249996, 0, -23.389019651249995
"(4, 1)", -17.6536191125, -14.798742694999998, 0, -18.343492531249996
"(4, 2)", -15.366319849999998, -12.891302814999998, 0, -14.044375181249997
"(4, 3)", -12.105190249999998, -10.157896524999998, 0, -11.804689312499999
"(4, 4)", -10.642891562499997, 0, 0, -9.03650975
"False, False, True, True, False, True, False"
Position,N,S,E,W
"(0, 0)", 0, -2.011875, -2.70296875, 0
"(0, 1)", -2.2, -2.0237499999999997, -1.7, 0
"(0, 2)", -3.383, -7.13262919200625, -3.1988213099999996, 0
"(0, 3)", -8.520600256686699, -9.398758384012499, -8.535636261999999, 0
"(0, 4)", -18.877553811323992, 0, -20.30402351087919, 0
"(1, 0)", 0, -1.0, -1.0, -2.0059375
"(1, 1)", -1.0, -1.0, -1.0, 0
"(1, 2)", 0, 0, -3.3175081283001897, 0
"(1, 3)", -2.7731, -2.55, -2.533, -3.5140000000000002
"(1, 4)", -4.725, 0, -5.377924999999999, -33.786516418915625
"(2, 0)", 0, -1.0, -1.0, 0
"(2, 1)", 0, -1.7, 0, 0
"(2, 2)", 49.990420938430965, 0, 0, 0
"(2, 3)", -3.0588189999999997, 0, 0, 0
"(2, 4)", -2.19, 0, -2.55, -3.05275
"(3, 0)", 0, 0, 0, -1.0
"(3, 1)", 0, 0, 0, 0
"(3, 2)", 0, 0, 0, 0
"(3, 3)", 0, 0, 0, 0
"(3, 4)", 0, 0, 5.8, -1.0
"(4, 0)", 0, 0, 0, 0
"(4, 1)", 0, 0, 0, 0
"(4, 2)", 0, 0, 0, 0
"(4, 3)", 0, 0, 0, 0
"(4, 4)", 25.5, 0, 0, 0
"True, False, True, True, False, False, True"
Position,N,S,E,W
"(0, 0)", 0, 0, 0, 0
"(0, 1)", 0, 0, 0, 0
"(0, 2)", 0, 0, 0, 0
"(0, 3)", 0, 0, 0, 0
"(0, 4)", 0, 0, 0, 0
"(1, 0)", 0, 0, 0, 0
"(1, 1)", 0, 0, 0, 0
"(1, 2)", 0, 0, 0, 0
"(1, 3)", 0, 0, 0, 0
"(1, 4)", 0, 0, 0, 0
"(2, 0)", 0, 0, 0, 0
"(2, 1)", 0, 0, 0, 0
"(2, 2)", 0, 0, 0, 0
"(2, 3)", 0, 0, 0, 0
"(2, 4)", 0, 0, 0, 0
"(3, 0)", 0, 0, 0, 0
"(3, 1)", 0, 0, 0, 0
"(3, 2)", 0, 0, 0, 0
"(3, 3)", 0, 0, 0, 0
"(3, 4)", 0, 0, 0, 0
"(4, 0)", 0, 0, 0, 0
"(4, 1)", 0, 0, 0, 0
"(4, 2)", 0, 0, 0, 0
"(4, 3)", 0, 0, 0, 0
"(4, 4)", 0, 0, 0, 0
"False, False, True, True, False, False, True"
Position,N,S,E,W
"(0, 0)", 0, 0, 0, 0
"(0, 1)", 0, 0, 0, 0
"(0, 2)", 0, 0, 0, 0
"(0, 3)", 0, 0, 0, 0
"(0, 4)", 0, 0, 0, 0
"(1, 0)", 0, 0, 0, 0
"(1, 1)", 0, 0, 0, 0
"(1, 2)", 0, 0, 0, 0
"(1, 3)", 0, 0, 0, 0
"(1, 4)", 0, 0, 0, 0
"(2, 0)", 0, 0, 0, 0
"(2, 1)", 0, 0, 0, 0
"(2, 2)", 0, 0, 0, 0
"(2, 3)", 0, 0, 0, 0
"(2, 4)", 0, 0, 0, 0
"(3, 0)", 0, 0, 0, 0
"(3, 1)", 0, 0, 0, 0
"(3, 2)", 0, 0, 0, 0
"(3, 3)", 0, 0, 0, 0
"(3, 4)", 0, 0, 0, 0
"(4, 0)", 0, 0, 0, 0
"(4, 1)", 0, 0, 0, 0
"(4, 2)", 0, 0, 0, 0
"(4, 3)", 0, 0, 0, 0
"(4, 4)", 0, 0, 0, 0
"True, False, True, True, False, False, False"
Position,N,S,E,W
"(0, 0)", 0, 0, 0, 0
"(0, 1)", 0, 0, 0, 0
"(0, 2)", 0, 0, 0, 0
"(0, 3)", 0, 0, 0, 0
"(0, 4)", 0, 0, 0, 0
"(1, 0)", 0, 0, 0, 0
"(1, 1)", 0, 0, 0, 0
"(1, 2)", 0, 0, 0, 0
"(1, 3)", 0, 0, 0, 0
"(1, 4)", 0, 0, 0, 0
"(2, 0)", 0, 0, 0, 0
"(2, 1)", 0, 0, 0, 0
"(2, 2)", 0, 0, 0, 0
"(2, 3)", 0, 0, 0, 0
"(2, 4)", 0, 0, 0, 0
"(3, 0)", 0, 0, 0, 0
"(3, 1)", 0, 0, 0, 0
"(3, 2)", 0, 0, 0, 0
"(3, 3)", 0, 0, 0, 0
"(3, 4)", 0, 0, 0, 0
"(4, 0)", 0, 0, 0, 0
"(4, 1)", 0, 0, 0, 0
"(4, 2)", 0, 0, 0, 0
"(4, 3)", 0, 0, 0, 0
"(4, 4)", 0, 0, 0, 0
"False, False, True, True, False, False, False"
Position,N,S,E,W
"(0, 0)", 0, 0, 0, 0
"(0, 1)", 0, 0, 0, 0
"(0, 2)", 0, 0, 0, 0
"(0, 3)", 0, 0, 0, 0
"(0, 4)", 0, 0, 0, 0
"(1, 0)", 0, 0, 0, 0
"(1, 1)", 0, 0, 0, 0
"(1, 2)", 0, 0, 0, 0
"(1, 3)", 0, 0, 0, 0
"(1, 4)", 0, 0, 0, 0
"(2, 0)", 0, 0, 0, 0
"(2, 1)", 0, 0, 0, 0
"(2, 2)", 0, 0, 0, 0
"(2, 3)", 0, 0, 0, 0
"(2, 4)", 0, 0, 0, 0
"(3, 0)", 0, 0, 0, 0
"(3, 1)", 0, 0, 0, 0
"(3, 2)", 0, 0, 0, 0
"(3, 3)", 0, 0, 0, 0
"(3, 4)", 0, 0, 0, 0
"(4, 0)", 0, 0, 0, 0
"(4, 1)", 0, 0, 0, 0
"(4, 2)", 0, 0, 0, 0
"(4, 3)", 0, 0, 0, 0
"(4, 4)", 0, 0, 0, 0
"True, False, True, False, True, True, True"
Position,N,S,E,W
"(0, 0)", 0, 0, 0, 0
"(0, 1)", 0, 0, 0, 0
"(0, 2)", 0, 0, 0, 0
"(0, 3)", 0, 0, 0, 0
"(0, 4)", 0, 0, 0, 0
"(1, 0)", 0, 0, 0, 0
"(1, 1)", 0, 0, 0, 0
"(1, 2)", 0, 0, 0, 0
"(1, 3)", 0, 0, 0, 0
"(1, 4)", 0, 0, 0, 0
"(2, 0)", 0, 0, 0, 0
"(2, 1)", 0, 0, 0, 0
"(2, 2)", 0, 0, 0, 0
"(2, 3)", 0, 0, 0, 0
"(2, 4)", 0, 0, 0, 0
"(3, 0)", 0, 0, 0, 0
"(3, 1)", 0, 0, 0, 0
"(3, 2)", 0, 0, 0, 0
"(3, 3)", 0, 0, 0, 0
"(3, 4)", 0, 0, 0, 0
"(4, 0)", 0, 0, 0, 0
"(4, 1)", 0, 0, 0, 0
"(4, 2)", 0, 0, 0, 0
"(4, 3)", 0, 0, 0, 0
"(4, 4)", 0, 0, 0, 0
"False, False, True, False, True, True, True"
Position,N,S,E,W
"(0, 0)", 0, 0, 0, 0
"(0, 1)", 0, 0, 0, 0
"(0, 2)", 0, 0, 0, 0
"(0, 3)", 0, 0, 0, 0
"(0, 4)", 0, 0, 0, 0
"(1, 0)", 0, 0, 0, 0
"(1, 1)", 0, 0, 0, 0
"(1, 2)", 0, 0, 0, 0
"(1, 3)", 0, 0, 0, 0
"(1, 4)", 0, 0, 0, 0
"(2, 0)", 0, 0, 0, 0
"(2, 1)", 0, 0, 0, 0
"(2, 2)", 0, 0, 0, 0
"(2, 3)", 0, 0, 0, 0
"(2, 4)", 0, 0, 0, 0
"(3, 0)", 0, 0, 0, 0
"(3, 1)", 0, 0, 0, 0
"(3, 2)", 0, 0, 0, 0
"(3, 3)", 0, 0, 0, 0
"(3, 4)", 0, 0, 0, 0
"(4, 0)", 0, 0, 0, 0
"(4, 1)", 0, 0, 0, 0
"(4, 2)", 0, 0, 0, 0
"(4, 3)", 0, 0, 0, 0
"(4, 4)", 0, 0, 0, 0
"True, False, True, False, True, True, False"
Position,N,S,E,W
"(0, 0)", 0, 0, 0, 0
"(0, 1)", 0, 0, 0, 0
"(0, 2)", 0, 0, 0, 0
"(0, 3)", 0, 0, 0, 0
"(0, 4)", 0, 0, 0, 0
"(1, 0)", 0, 0, 0, 0
"(1, 1)", 0, 0, 0, 0
"(1, 2)", 0, 0, 0, 0
"(1, 3)", 0, 0, 0, 0
"(1, 4)", 0, 0, 0, 0
"(2, 0)", 0, 0, 0, 0
"(2, 1)", 0, 0, 0, 0
"(2, 2)", 0, 0, 0, 0
"(2, 3)", 0, 0, 0, 0
"(2, 4)", 0, 0, 0, 0
"(3, 0)", 0, 0, 0, 0
"(3, 1)", 0, 0, 0, 0
"(3, 2)", 0, 0, 0, 0
"(3, 3)", 0, 0, 0, 0
"(3, 4)", 0, 0, 0, 0
"(4, 0)", 0, 0, 0, 0
"(4, 1)", 0, 0, 0, 0
"(4, 2)", 0, 0, 0, 0
"(4, 3)", 0, 0, 0, 0
"(4, 4)", 0, 0, 0, 0
"False, False, True, False, True, True, False"
Position,N,S,E,W
"(0, 0)", 0, 0, 0, 0
"(0, 1)", 0, 0, 0, 0
"(0, 2)", 0, 0, 0, 0
"(0, 3)", 0, 0, 0, 0
"(0, 4)", 0, 0, 0, 0
"(1, 0)", 0, 0, 0, 0
"(1, 1)", 0, 0, 0, 0
"(1, 2)", 0, 0, 0, 0
"(1, 3)", 0, 0, 0, 0
"(1, 4)", 0, 0, 0, 0
"(2, 0)", 0, 0, 0, 0
"(2, 1)", 0, 0, 0, 0
"(2, 2)", 0, 0, 0, 0
"(2, 3)", 0, 0, 0, 0
"(2, 4)", 0, 0, 0, 0
"(3, 0)", 0, 0, 0, 0
"(3, 1)", 0, 0, 0, 0
"(3, 2)", 0, 0, 0, 0
"(3, 3)", 0, 0, 0, 0
"(3, 4)", 0, 0, 0, 0
"(4, 0)", 0, 0, 0, 0
"(4, 1)", 0, 0, 0, 0
"(4, 2)", 0, 0, 0, 0
"(4, 3)", 0, 0, 0, 0
"(4, 4)", 0, 0, 0, 0
"True, False, True, False, True, False, True"
Position,N,S,E,W
"(0, 0)", 0, 0, 0, 0
"(0, 1)", 0, 0, 0, 0
"(0, 2)", 0, 0, 0, 0
"(0, 3)", 0, 0, 0, 0
"(0, 4)", 0, 0, 0, 0
"(1, 0)", 0, 0, 0, 0
"(1, 1)", 0, 0, 0, 0
"(1, 2)", 0, 0, 0, 0
"(1, 3)", 0, 0, 0, 0
"(1, 4)", 0, 0, 0, 0
"(2, 0)", 0, 0, 0, 0
"(2, 1)", 0, 0, 0, 0
"(2, 2)", 0, 0, 0, 0
"(2, 3)", 0, 0, 0, 0
"(2, 4)", 0, 0, 0, 0
"(3, 0)", 0, 0, 0, 0
"(3, 1)", 0, 0, 0, 0
"(3, 2)", 0, 0, 0, 0
"(3, 3)", 0, 0, 0, 0
"(3, 4)", 0, 0, 0, 0
"(4, 0)", 0, 0, 0, 0
"(4, 1)", 0, 0, 0, 0
"(4, 2)", 0, 0, 0, 0
"(4, 3)", 0, 0, 0, 0
"(4, 4)", 0, 0, 0, 0
"False, False, True, False, True, False, True"
Position,N,S,E,W
"(0, 0)", 0, 0, 0, 0
"(0, 1)", 0, 0, 0, 0
"(0, 2)", 0, 0, 0, 0
"(0, 3)", 0, 0, 0, 0
"(0, 4)", 0, 0, 0, 0
"(1, 0)", 0, 0, 0, 0
"(1, 1)", 0, 0, 0, 0
"(1, 2)", 0, 0, 0, 0
"(1, 3)", 0, 0, 0, 0
"(1, 4)", 0, 0, 0, 0
"(2, 0)", 0, 0, 0, 0
"(2, 1)", 0, 0, 0, 0
"(2, 2)", 0, 0, 0, 0
"(2, 3)", 0, 0, 0, 0
"(2, 4)", 0, 0, 0, 0
"(3, 0)", 0, 0, 0, 0
"(3, 1)", 0, 0, 0, 0
"(3, 2)", 0, 0, 0, 0
"(3, 3)", 0, 0, 0, 0
"(3, 4)", 0, 0, 0, 0
"(4, 0)", 0, 0, 0, 0
"(4, 1)", 0, 0, 0, 0
"(4, 2)", 0, 0, 0, 0
"(4, 3)", 0, 0, 0, 0
"(4, 4)", 0, 0, 0, 0
"True, False, True, False, True, False, False"
Position,N,S,E,W
"(0, 0)", 0, 0, 0, 0
"(0, 1)", 0, 0, 0, 0
"(0, 2)", 0, 0, 0, 0
"(0, 3)", 0, 0, 0, 0
"(0, 4)", 0, 0, 0, 0
"(1, 0)", 0, 0, 0, 0
"(1, 1)", 0, 0, 0, 0
"(1, 2)", 0, 0, 0, 0
"(1, 3)", 0, 0, 0, 0
"(1, 4)", 0, 0, 0, 0
"(2, 0)", 0, 0, 0, 0
"(2, 1)", 0, 0, 0, 0
"(2, 2)", 0, 0, 0, 0
"(2, 3)", 0, 0, 0, 0
"(2, 4)", 0, 0, 0, 0
"(3, 0)", 0, 0, 0, 0
"(3, 1)", 0, 0, 0, 0
"(3, 2)", 0, 0, 0, 0
"(3, 3)", 0, 0, 0, 0
"(3, 4)", 0, 0, 0, 0
"(4, 0)", 0, 0, 0, 0
"(4, 1)", 0, 0, 0, 0
"(4, 2)", 0, 0, 0, 0
"(4, 3)", 0, 0, 0, 0
"(4, 4)", 0, 0, 0, 0
"False, False, True, False, True, False, False"
Position,N,S,E,W
"(0, 0)", 0, 0, 0, 0
"(0, 1)", 0, 0, 0, 0
"(0, 2)", 0, 0, 0, 0
"(0, 3)", 0, 0, 0, 0
"(0, 4)", 0, 0, 0, 0
"(1, 0)", 0, 0, 0, 0
"(1, 1)", 0, 0, 0, 0
"(1, 2)", 0, 0, 0, 0
"(1, 3)", 0, 0, 0, 0
"(1, 4)", 0, 0, 0, 0
"(2, 0)", 0, 0, 0, 0
"(2, 1)", 0, 0, 0, 0
"(2, 2)", 0, 0, 0, 0
"(2, 3)", 0, 0, 0, 0
"(2, 4)", 0, 0, 0, 0
"(3, 0)", 0, 0, 0, 0
"(3, 1)", 0, 0, 0, 0
"(3, 2)", 0, 0, 0, 0
"(3, 3)", 0, 0, 0, 0
"(3, 4)", 0, 0, 0, 0
"(4, 0)", 0, 0, 0, 0
"(4, 1)", 0, 0, 0, 0
"(4, 2)", 0, 0, 0, 0
"(4, 3)", 0, 0, 0, 0
"(4, 4)", 0, 0, 0, 0
"True, False, True, False, False, True, True"
Position,N,S,E,W
"(0, 0)", 0, 0, 0, 0
"(0, 1)", 0, 0, 0, 0
"(0, 2)", 0, 0, 0, 0
"(0, 3)", 0, 0, 0, 0
"(0, 4)", 0, 0, 0, 0
"(1, 0)", 0, 0, 0, 0
"(1, 1)", 0, 0, 0, 0
"(1, 2)", 0, 0, 0, 0
"(1, 3)", 0, 0, 0, 0
"(1, 4)", 0, 0, 0, 0
"(2, 0)", 0, 0, 0, 0
"(2, 1)", 0, 0, 0, 0
"(2, 2)", 0, 0, 0, 0
"(2, 3)", 0, 0, 0, 0
"(2, 4)", 0, 0, 0, 0
"(3, 0)", 0, 0, 0, 0
"(3, 1)", 0, 0, 0, 0
"(3, 2)", 0, 0, 0, 0
"(3, 3)", 0, 0, 0, 0
"(3, 4)", 0, 0, 0, 0
"(4, 0)", 0, 0, 0, 0
"(4, 1)", 0, 0, 0, 0
"(4, 2)", 0, 0, 0, 0
"(4, 3)", 0, 0, 0, 0
"(4, 4)", 0, 0, 0, 0
"False, False, True, False, False, True, True"
Position,N,S,E,W
"(0, 0)", 0, 0, 0, 0
"(0, 1)", 0, 0, 0, 0
"(0, 2)", 0, 0, 0, 0
"(0, 3)", 0, 0, 0, 0
"(0, 4)", 0, 0, 0, 0
"(1, 0)", 0, 0, 0, 0
"(1, 1)", 0, 0, 0, 0
"(1, 2)", 0, 0, 0, 0
"(1, 3)", 0, 0, 0, 0
"(1, 4)", 0, 0, 0, 0
"(2, 0)", 0, 0, 0, 0
"(2, 1)", 0, 0, 0, 0
"(2, 2)", 0, 0, 0, 0
"(2, 3)", 0, 0, 0, 0
"(2, 4)", 0, 0, 0, 0
"(3, 0)", 0, 0, 0, 0
"(3, 1)", 0, 0, 0, 0
"(3, 2)", 0, 0, 0, 0
"(3, 3)", 0, 0, 0, 0
"(3, 4)", 0, 0, 0, 0
"(4, 0)", 0, 0, 0, 0
"(4, 1)", 0, 0, 0, 0
"(4, 2)", 0, 0, 0, 0
"(4, 3)", 0, 0, 0, 0
"(4, 4)", 0, 0, 0, 0
"True, False, True, False, False, True, False"
Position,N,S,E,W
"(0, 0)", 0, -1.0, -1.75, 0
"(0, 1)", -1.0, 0, -1.5, 0
"(0, 2)", 0, 0, 0, 0
"(0, 3)", 0, 6.5, 0, 0
"(0, 4)", 32.849999999999994, 0, 0, 0
"(1, 0)", 0, -1.0, -1.0, -1.5
"(1, 1)", -1.5, -1.5, -2.8, -1.0
"(1, 2)", -1.5, -1.0, -1.85, 0
"(1, 3)", 0, 0, -1.5, -1.0
"(1, 4)", 0, 0, 0, 11.05
"(2, 0)", 0, -2.8, -2.8, -1.0
"(2, 1)", -2.2, -2.55, -2.55, -2.2
"(2, 2)", -3.15, -2.2, -2.8, -1.7
"(2, 3)", -2.45, -1.7, -1.5, -1.5
"(2, 4)", -1.85, 0, -1.5, -2.2
"(3, 0)", 0, -2.55, -2.45, -2.2
"(3, 1)", -1.7, -3.3249999999999997, -2.2, -2.2
"(3, 2)", -2.55, -3.2849999999999997, -4.6675, -2.94
"(3, 3)", -2.9749999999999996, -1.7, -3.275, -1.7
"(3, 4)", -2.55, 0, -1.5, -2.55
"(4, 0)", 0, -5.46875, 0, -3.275
"(4, 1)", -4.3525, -4.29, 0, -2.8
"(4, 2)", -3.765, -4.305, 0, -4.3575
"(4, 3)", -4.115, -3.415, 0, -2.45
"(4, 4)", -2.8, 0, 0, -2.9749999999999996
"False, False, True, False, False, True, False"
Position,N,S,E,W
"(0, 0)", 0, -1.0, 0, 0
"(0, 1)", -1.0, -2.9349999999999996, -1.0, 0
"(0, 2)", -2.2, -2.4699999999999998, -1.7, 0
"(0, 3)", -2.69, -2.94, -1.925, 0
"(0, 4)", -3.5199999999999996, 0, -2.575, 0
"(1, 0)", 0, 0, 0, 0
"(1, 1)", 0, 0, 0, -1.5
"(1, 2)", 0, 0, -2.19, 0
"(1, 3)", -1.0, 0, 0, -1.85
"(1, 4)", -1.0, 0, -1.0, -1.75
"(2, 0)", 0, 0, 0, 0
"(2, 1)", 0, 0, 0, 0
"(2, 2)", 0, 0, 32.849999999999994, 0
"(2, 3)", 0, 0, 0, 0
"(2, 4)", 0, 0, -1.0, -1.0
"(3, 0)", 0, 0, 0, 0
"(3, 1)", 0, 0, 0, 0
"(3, 2)", 0, 0, 0, 0
"(3, 3)", 0, 0, 0, 0
"(3, 4)", 0, 0, 0, -1.0
"(4, 0)", 0, 0, 0, 0
"(4, 1)", 0, 0, 0, 0
"(4, 2)", 0, 0, 0, 0
"(4, 3)", 0, 0, 0, 0
"(4, 4)", 0, 0, 0, 0
"True, False, True, False, False, False, True"
Position,N,S,E,W
"(0, 0)", 0, 0, 0, 0
"(0, 1)", 0, 0, 0, 0
"(0, 2)", 0, 0, 0, 0
"(0, 3)", 0, 0, 0, 0
"(0, 4)", 0, 0, 0, 0
"(1, 0)", 0, 0, 0, 0
"(1, 1)", 0, 0, 0, 0
"(1, 2)", 0, 0, 0, 0
"(1, 3)", 0, 0, 0, 0
"(1, 4)", 0, 0, 0, 0
"(2, 0)", 0, 0, 0, 0
"(2, 1)", 0, 0, 0, 0
"(2, 2)", 0, 0, 0, 0
"(2, 3)", 0, 0, 0, 0
"(2, 4)", 0, 0, 0, 0
"(3, 0)", 0, 0, 0, 0
"(3, 1)", 0, 0, 0, 0
"(3, 2)", 0, 0, 0, 0
"(3, 3)", 0, 0, 0, 0
"(3, 4)", 0, 0, 0, 0
"(4, 0)", 0, 0, 0, 0
"(4, 1)", 0, 0, 0, 0
"(4, 2)", 0, 0, 0, 0
"(4, 3)", 0, 0, 0, 0
"(4, 4)", 0, 0, 0, 0
"False, False, True, False, False, False, True"
Position,N,S,E,W
"(0, 0)", 0, 0, 0, 0
"(0, 1)", 0, 0, 0, 0
"(0, 2)", 0, 0, 0, 0
"(0, 3)", 0, 0, 0, 0
"(0, 4)", 0, 0, 0, 0
"(1, 0)", 0, 0, 0, 0
"(1, 1)", 0, 0, 0, 0
"(1, 2)", 0, 0, 0, 0
"(1, 3)", 0, 0, 0, 0
"(1, 4)", 0, 0, 0, 0
"(2, 0)", 0, 0, 0, 0
"(2, 1)", 0, 0, 0, 0
"(2, 2)", 0, 0, 0, 0
"(2, 3)", 0, 0, 0, 0
"(2, 4)", 0, 0, 0, 0
"(3, 0)", 0, 0, 0, 0
"(3, 1)", 0, 0, 0, 0
"(3, 2)", 0, 0, 0, 0
"(3, 3)", 0, 0, 0, 0
"(3, 4)", 0, 0, 0, 0
"(4, 0)", 0, 0, 0, 0
"(4, 1)", 0, 0, 0, 0
"(4, 2)", 0, 0, 0, 0
"(4, 3)", 0, 0, 0, 0
"(4, 4)", 0, 0, 0, 0
"True, False, True, False, False, False, False"
Position,N,S,E,W
"(0, 0)", 0, 0, 0, 0
"(0, 1)", 0, 0, 0, 0
"(0, 2)", 0, 0, 0, 0
"(0, 3)", 0, 0, 0, 0
"(0, 4)", 0, 0, 0, 0
"(1, 0)", 0, 0, 0, 0
"(1, 1)", 0, 0, 0, 0
"(1, 2)", 0, 0, 0, 0
"(1, 3)", 0, 0, 0, 0
"(1, 4)", 0, 0, 0, 0
"(2, 0)", 0, 0, 0, 0
"(2, 1)", 0, 0, 0, 0
"(2, 2)", 0, 0, 0, 0
"(2, 3)", 0, 0, 0, 0
"(2, 4)", 0, 0, 0, 0
"(3, 0)", 0, 0, 0, 0
"(3, 1)", 0, 0, 0, 0
"(3, 2)", 0, 0, 0, 0
"(3, 3)", 0, 0, 0, 0
"(3, 4)", 0, 0, 0, 0
"(4, 0)", 0, 0, 0, 0
"(4, 1)", 0, 0, 0, 0
"(4, 2)", 0, 0, 0, 0
"(4, 3)", 0, 0, 0, 0
"(4, 4)", 0, 0, 0, 0
"False, False, True, False, False, False, False"
Position,N,S,E,W
"(0, 0)", 0, 0, 0, 0
"(0, 1)", 0, 0, 0, 0
"(0, 2)", 0, 0, 0, 0
"(0, 3)", 0, 0, 0, 0
"(0, 4)", 0, 0, 0, 0
"(1, 0)", 0, 0, 0, 0
"(1, 1)", 0, 0, 0, 0
"(1, 2)", 0, 0, 0, 0
"(1, 3)", 0, 0, 0, 0
"(1, 4)", 0, 0, 0, 0
"(2, 0)", 0, 0, 0, 0
"(2, 1)", 0, 0, 0, 0
"(2, 2)", 0, 0, 0, 0
"(2, 3)", 0, 0, 0, 0
"(2, 4)", 0, 0, 0, 0
"(3, 0)", 0, 0, 0, 0
"(3, 1)", 0, 0, 0, 0
"(3, 2)", 0, 0, 0, 0
"(3, 3)", 0, 0, 0, 0
"(3, 4)", 0, 0, 0, 0
"(4, 0)", 0, 0, 0, 0
"(4, 1)", 0, 0, 0, 0
"(4, 2)", 0, 0, 0, 0
"(4, 3)", 0, 0, 0, 0
"(4, 4)", 0, 0, 0, 0
"True, False, False, True, True, True, True"
Position,N,S,E,W
"(0, 0)", 0, 0, 0, 0
"(0, 1)", 0, 0, 0, 0
"(0, 2)", 0, 0, 0, 0
"(0, 3)", 0, 0, 0, 0
"(0, 4)", 0, 0, 0, 0
"(1, 0)", 0, 0, 0, 0
"(1, 1)", 0, 0, 0, 0
"(1, 2)", 0, 0, 0, 0
"(1, 3)", 0, 0, 0, 0
"(1, 4)", 0, 0, 0, 0
"(2, 0)", 0, 0, 0, 0
"(2, 1)", 0, 0, 0, 0
"(2, 2)", 0, 0, 0, 0
"(2, 3)", 0, 0, 0, 0
"(2, 4)", 0, 0, 0, 0
"(3, 0)", 0, 0, 0, 0
"(3, 1)", 0, 0, 0, 0
"(3, 2)", 0, 0, 0, 0
"(3, 3)", 0, 0, 0, 0
"(3, 4)", 0, 0, 0, 0
"(4, 0)", 0, 0, 0, 0
"(4, 1)", 0, 0, 0, 0
"(4, 2)", 0, 0, 0, 0
"(4, 3)", 0, 0, 0, 0
"(4, 4)", 0, 0, 0, 0
"False, False, False, True, True, True, True"
Position,N,S,E,W
"(0, 0)", 0, 0, 0, 0
"(0, 1)", 0, 0, 0, 0
"(0, 2)", 0, 0, 0, 0
"(0, 3)", 0, 0, 0, 0
"(0, 4)", 0, 0, 0, 0
"(1, 0)", 0, 0, 0, 0
"(1, 1)", 0, 0, 0, 0
"(1, 2)", 0, 0, 0, 0
"(1, 3)", 0, 0, 0, 0
"(1, 4)", 0, 0, 0, 0
"(2, 0)", 0, 0, 0, 0
"(2, 1)", 0, 0, 0, 0
"(2, 2)", 0, 0, 0, 0
"(2, 3)", 0, 0, 0, 0
"(2, 4)", 0, 0, 0, 0
"(3, 0)", 0, 0, 0, 0
"(3, 1)", 0, 0, 0, 0
"(3, 2)", 0, 0, 0, 0
"(3, 3)", 0, 0, 0, 0
"(3, 4)", 0, 0, 0, 0
"(4, 0)", 0, 0, 0, 0
"(4, 1)", 0, 0, 0, 0
"(4, 2)", 0, 0, 0, 0
"(4, 3)", 0, 0, 0, 0
"(4, 4)", 0, 0, 0, 0
"True, False, False, True, True, True, False"
Position,N,S,E,W
"(0, 0)", 0, 0, 0, 0
"(0, 1)", 0, 0, 0, 0
"(0, 2)", 0, 0, 0, 0
"(0, 3)", 0, 0, 0, 0
"(0, 4)", 0, 0, 0, 0
"(1, 0)", 0, 0, 0, 0
"(1, 1)", 0, 0, 0, 0
"(1, 2)", 0, 0, 0, 0
"(1, 3)", 0, 0, 0, 0
"(1, 4)", 0, 0, 0, 0
"(2, 0)", 0, 0, 0, 0
"(2, 1)", 0, 0, 0, 0
"(2, 2)", 0, 0, 0, 0
"(2, 3)", 0, 0, 0, 0
"(2, 4)", 0, 0, 0, 0
"(3, 0)", 0, 0, 0, 0
"(3, 1)", 0, 0, 0, 0
"(3, 2)", 0, 0, 0, 0
"(3, 3)", 0, 0, 0, 0
"(3, 4)", 0, 0, 0, 0
"(4, 0)", 0, 0, 0, 0
"(4, 1)", 0, 0, 0, 0
"(4, 2)", 0, 0, 0, 0
"(4, 3)", 0, 0, 0, 0
"(4, 4)", 0, 0, 0, 0
"False, False, False, True, True, True, False"
Position,N,S,E,W
"(0, 0)", 0, 0, 0, 0
"(0, 1)", 0, 0, 0, 0
"(0, 2)", 0, 0, 0, 0
"(0, 3)", 0, 0, 0, 0
"(0, 4)", 0, 0, 0, 0
"(1, 0)", 0, 0, 0, 0
"(1, 1)", 0, 0, 0, 0
"(1, 2)", 0, 0, 0, 0
"(1, 3)", 0, 0, 0, 0
"(1, 4)", 0, 0, 0, 0
"(2, 0)", 0, 0, 0, 0
"(2, 1)", 0, 0, 0, 0
"(2, 2)", 0, 0, 0, 0
"(2, 3)", 0, 0, 0, 0
"(2, 4)", 0, 0, 0, 0
"(3, 0)", 0, 0, 0, 0
"(3, 1)", 0, 0, 0, 0
"(3, 2)", 0, 0, 0, 0
"(3, 3)", 0, 0, 0, 0
"(3, 4)", 0, 0, 0, 0
"(4, 0)", 0, 0, 0, 0
"(4, 1)", 0, 0, 0, 0
"(4, 2)", 0, 0, 0, 0
"(4, 3)", 0, 0, 0, 0
"(4, 4)", 0, 0, 0, 0
"True, False, False, True, True, False, True"
Position,N,S,E,W
"(0, 0)", 0, 0, 0, 0
"(0, 1)", 0, 0, 0, 0
"(0, 2)", 0, 0, 0, 0
"(0, 3)", 0, 0, 0, 0
"(0, 4)", 0, 0, 0, 0
"(1, 0)", 0, 0, 0, 0
"(1, 1)", 0, 0, 0, 0
"(1, 2)", 0, 0, 0, 0
"(1, 3)", 0, 0, 0, 0
"(1, 4)", 0, 0, 0, 0
"(2, 0)", 0, 0, 0, 0
"(2, 1)", 0, 0, 0, 0
"(2, 2)", 0, 0, 0, 0
"(2, 3)", 0, 0, 0, 0
"(2, 4)", 0, 0, 0, 0
"(3, 0)", 0, 0, 0, 0
"(3, 1)", 0, 0, 0, 0
"(3, 2)", 0, 0, 0, 0
"(3, 3)", 0, 0, 0, 0
"(3, 4)", 0, 0, 0, 0
"(4, 0)", 0, 0, 0, 0
"(4, 1)", 0, 0, 0, 0
"(4, 2)", 0, 0, 0, 0
"(4, 3)", 0, 0, 0, 0
"(4, 4)", 0, 0, 0, 0
"False, False, False, True, True, False, True"
Position,N,S,E,W
"(0, 0)", 0, 0, 0, 0
"(0, 1)", 0, 0, 0, 0
"(0, 2)", 0, 0, 0, 0
"(0, 3)", 0, 0, 0, 0
"(0, 4)", 0, 0, 0, 0
"(1, 0)", 0, 0, 0, 0
"(1, 1)", 0, 0, 0, 0
"(1, 2)", 0, 0, 0, 0
"(1, 3)", 0, 0, 0, 0
"(1, 4)", 0, 0, 0, 0
"(2, 0)", 0, 0, 0, 0
"(2, 1)", 0, 0, 0, 0
"(2, 2)", 0, 0, 0, 0
"(2, 3)", 0, 0, 0, 0
"(2, 4)", 0, 0, 0, 0
"(3, 0)", 0, 0, 0, 0
"(3, 1)", 0, 0, 0, 0
"(3, 2)", 0, 0, 0, 0
"(3, 3)", 0, 0, 0, 0
"(3, 4)", 0, 0, 0, 0
"(4, 0)", 0, 0, 0, 0
"(4, 1)", 0, 0, 0, 0
"(4, 2)", 0, 0, 0, 0
"(4, 3)", 0, 0, 0, 0
"(4, 4)", 0, 0, 0, 0
"True, False, False, True, True, False, False"
Position,N,S,E,W
"(0, 0)", 0, 0, 0, 0
"(0, 1)", 0, 0, 0, 0
"(0, 2)", 0, 0, 0, 0
"(0, 3)", 0, 0, 0, 0
"(0, 4)", 0, 0, 0, 0
"(1, 0)", 0, 0, 0, 0
"(1, 1)", 0, 0, 0, 0
"(1, 2)", 0, 0, 0, 0
"(1, 3)", 0, 0, 0, 0
"(1, 4)", 0, 0, 0, 0
"(2, 0)", 0, 0, 0, 0
"(2, 1)", 0, 0, 0, 0
"(2, 2)", 0, 0, 0, 0
"(2, 3)", 0, 0, 0, 0
"(2, 4)", 0, 0, 0, 0
"(3, 0)", 0, 0, 0, 0
"(3, 1)", 0, 0, 0, 0
"(3, 2)", 0, 0, 0, 0
"(3, 3)", 0, 0, 0, 0
"(3, 4)", 0, 0, 0, 0
"(4, 0)", 0, 0, 0, 0
"(4, 1)", 0, 0, 0, 0
"(4, 2)", 0, 0, 0, 0
"(4, 3)", 0, 0, 0, 0
"(4, 4)", 0, 0, 0, 0
"False, False, False, True, True, False, False"
Position,N,S,E,W
"(0, 0)", 0, 0, 0, 0
"(0, 1)", 0, 0, 0, 0
"(0, 2)", 0, 0, 0, 0
"(0, 3)", 0, 0, 0, 0
"(0, 4)", 0, 0, 0, 0
"(1, 0)", 0, 0, 0, 0
"(1, 1)", 0, 0, 0, 0
"(1, 2)", 0, 0, 0, 0
"(1, 3)", 0, 0, 0, 0
"(1, 4)", 0, 0, 0, 0
"(2, 0)", 0, 0, 0, 0
"(2, 1)", 0, 0, 0, 0
"(2, 2)", 0, 0, 0, 0
"(2, 3)", 0, 0, 0, 0
"(2, 4)", 0, 0, 0, 0
"(3, 0)", 0, 0, 0, 0
"(3, 1)", 0, 0, 0, 0
"(3, 2)", 0, 0, 0, 0
"(3, 3)", 0, 0, 0, 0
"(3, 4)", 0, 0, 0, 0
"(4, 0)", 0, 0, 0, 0
"(4, 1)", 0, 0, 0, 0
"(4, 2)", 0, 0, 0, 0
"(4, 3)", 0, 0, 0, 0
"(4, 4)", 0, 0, 0, 0
"True, False, False, True, False, True, True"
Position,N,S,E,W
"(0, 0)", 0, -1.0, 0, 0
"(0, 1)", -1.0, -1.0, 0, 0
"(0, 2)", 0, -1.0, -2.2, 0
"(0, 3)", 0, -1.0, 0, 0
"(0, 4)", 14.5, 0, 0, 0
"(1, 0)", 0, 0, 0, 0
"(1, 1)", 0, -1.5, 0, 0
"(1, 2)", -1.0, 0, 0, -1.7
"(1, 3)", 0, 0, 0, 0
"(1, 4)", 0, 0, 0, 0
"(2, 0)", 0, 0, 0, 0
"(2, 1)", 0, 0, 0, 0
"(2, 2)", 0, 0, 0, 0
"(2, 3)", 0, 0, 0, 0
"(2, 4)", 0, 0, 25.15, 0
"(3, 0)", 0, 0, 0, 0
"(3, 1)", 0, 0, 0, 0
"(3, 2)", 0, 0, 0, 0
"(3, 3)", 0, 0, 0, 0
"(3, 4)", 0, 0, 0, -1.7
"(4, 0)", 0, 0, 0, 0
"(4, 1)", 0, 0, 0, 0
"(4, 2)", 0, 0, 0, 0
"(4, 3)", 0, -2.2, 0, 0
"(4, 4)", 0, 0, 0, -1.7
"False, False, False, True, False, True, True"
Position,N,S,E,W
"(0, 0)", 0, 0, 0, 0
"(0, 1)", 0, -1.0, 0, 0
"(0, 2)", -1.0, 0, -1.0, 0
"(0, 3)", -1.0, -1.7, -1.75, 0
"(0, 4)", -1.85, 0, -7.9094750000000005, 0
"(1, 0)", 0, 0, -1.5, 0
"(1, 1)", 0, 0, 0, 0
"(1, 2)", 0, 0, -1.7, 0
"(1, 3)", -1.0, -1.85, -1.0, -2.05
"(1, 4)", -3.115, 0, -1.7, -6.37725
"(2, 0)", 0, -1.0, -1.0, -1.0
"(2, 1)", 0, 0, -1.0, 0
"(2, 2)", 0, 0, -2.19, 0
"(2, 3)", -1.0, -1.925, -1.0, -1.75
"(2, 4)", -1.9625, 0, 0, -3.8064999999999998
"(3, 0)", 0, -1.5, -1.0, -2.2
"(3, 1)", -2.2, -1.7, 0, 0
"(3, 2)", -1.7, -2.2, -3.39, 0
"(3, 3)", 0, -1.0, 0, -2.2
"(3, 4)", 0, 0, -1.0, -1.0
"(4, 0)", 0, 0, 0, -2.1
"(4, 1)", 0, 0, 0, 0
"(4, 2)", 0, -1.0, 0, -1.7
"(4, 3)", 0, -1.0, 0, 0
"(4, 4)", 25.5, 0, 0, 0
"True, False, False, True, False, True, False"
Position,N,S,E,W
"(0, 0)", 0, -29.194804969741206, -94.60351029007347, 0
"(0, 1)", -25.667967129150384, -3.610353999999999, -8.808754687499999, 0
"(0, 2)", -5.6319, 14.127249999999998, -4.31375, 0
"(0, 3)", 0, 35.770149999999994, 0, 0
"(0, 4)", 32.849999999999994, 0, 49.762621924502845, 0
"(1, 0)", 0, -9.736234125, -9.89726028515625, -67.71283800511135
"(1, 1)", -5.769974999999999, -4.599, -9.315649546874997, -8.347092812499998
"(1, 2)", -7.6199875, -3.6279999999999997, -4.30771, -4.24305
"(1, 3)", -4.80999375, 7.8709999999999996, -3.8849875, -1.7
"(1, 4)", 0, 0, 0, 50.11426745194398
"(2, 0)", 0, -19.328010247167967, -10.324937426328123, -17.983189373423677
"(2, 1)", -21.747226700048827, 44.99717487916328, -17.86531790451687, -7.570394906249999
"(2, 2)", -9.360798749999999, 73.20859026516997, -8.587093999999999, -4.879524999999999
"(2, 3)", -5.769975, 82.23762412849996, -4.994055483, -2.55
"(2, 4)", -2.7731, 0, -2.59900733, 70.46603353837997
"(3, 0)", 0, -9.940448624999998, -15.21313917707031, -14.928076595937497
"(3, 1)", -11.131337437499997, -9.260138359374999, -39.09912969656928, -28.38076453615439
"(3, 2)", -22.87493862270091, -5.912599999999999, -58.27861969220732, -7.492427449999999
"(3, 3)", -12.038939616180496, -2.556110966, -16.008349896874996, -2.19
"(3, 4)", -7.0178457074999985, 0, -50.4555250655793, 2.5734020399999995
"(4, 0)", 0, -15.363495633812494, 0, -9.654696029101562
"(4, 1)", -9.957757579656247, -30.415051285525575, 0, -12.716642618898435
"(4, 2)", -12.491062775296873, -29.728571767728198, 0, -78.90206981188702
"(4, 3)", -18.030829284375, -77.2193727956776, 0, -19.773994441562493
"(4, 4)", -68.69669796873515, 0, 0, -66.33825460533271
"False, False, False, True, False, True, False"
Position,N,S,E,W
"(0, 0)", 0, -27.584109663499994, -19.061144241874995, 0
"(0, 1)", -20.911008968749996, -21.345975832733394, -14.447774527812498, 0
"(0, 2)", -23.057807983437495, -23.533089446716794, -21.607082746716422, 0
"(0, 3)", -32.82713642143327, -36.16946578253581, -32.75828870610175, 0
"(0, 4)", -57.20575224181409, 0, -69.48860237261442, 0
"(1, 0)", 0, -15.653595356249996, -27.60248067646952, -19.969312133749995
"(1, 1)", -23.57598115176394, -19.749962399496873, -11.602529547262499, -12.980043596875
"(1, 2)", -24.82725650069406, -10.098242833499999, -10.421613693624998, -12.3279415895
"(1, 3)", -14.973409291173496, -7.290696499999998, 7.929187199999998, -18.821488503124996
"(1, 4)", -9.961458499999999, 0, 21.779188045349997, -96.24872542541638
"(2, 0)", 0, -14.484120797999996, -7.786376943718748, -41.28899027749796
"(2, 1)", -8.077917219999998, -9.112900606968749, -7.025741911562498, -11.5359281051875
"(2, 2)", -11.963937156296874, -5.07912, -5.22073554625, -11.956580002499997
"(2, 3)", -5.196187499999999, -2.0995999999999997, 12.417615999999997, -5.411
"(2, 4)", -5.211868999999999, 0, 57.750787919674984, -3.746437774999998
"(3, 0)", 0, -9.430331536859374, -11.643460005581247, -27.10918021562273
"(3, 1)", -10.741375944321874, -11.493795699999998, -8.651124900937498, -9.178713809999998
"(3, 2)", -10.283095499999998, 11.082974999999998, -5.510719999999999, -6.2593
"(3, 3)", -1.2437500000000001, 101.47748112149772, 10.579999999999998, -2.855
"(3, 4)", 0, 0, 76.54383058591029, -0.575
"(4, 0)", 0, -11.446732824874998, 0, -11.184508750937498
"(4, 1)", -8.806850117499998, -7.1547434999999995, 0, -9.225497371562499
"(4, 2)", -8.4202125, 13.285499999999997, 0, -6.271509999999999
"(4, 3)", 0, 40.143399999999986, 0, 0
"(4, 4)", 49.762621924502845, 0, 0, 37.99499999999999
"True, False, False, True, False, False, True"
Position,N,S,E,W
"(0, 0)", 0, 0, 0, 0
"(0, 1)", 0, 0, 0, 0
"(0, 2)", 0, 0, 0, 0
"(0, 3)", 0, 0, 0, 0
"(0, 4)", 0, 0, 0, 0
"(1, 0)", 0, 0, 0, 0
"(1, 1)", 0, 0, 0, 0
"(1, 2)", 0, 0, 0, 0
"(1, 3)", 0, 0, 0, 0
"(1, 4)", 0, 0, 0, 0
"(2, 0)", 0, 0, 0, 0
"(2, 1)", 0, 0, 0, 0
"(2, 2)", 0, 0, 0, 0
"(2, 3)", 0, 0, 0, 0
"(2, 4)", 0, 0, 0, 0
"(3, 0)", 0, 0, 0, 0
"(3, 1)", 0, 0, 0, 0
"(3, 2)", 0, 0, 0, 0
"(3, 3)", 0, 0, 0, 0
"(3, 4)", 0, 0, 0, 0
"(4, 0)", 0, 0, 0, 0
"(4, 1)", 0, 0, 0, 0
"(4, 2)", 0, 0, 0, 0
"(4, 3)", 0, 0, 0, 0
"(4, 4)", 0, 0, 0, 0
"False, False, False, True, False, False, True"
Position,N,S,E,W
"(0, 0)", 0, 0, 0, 0
"(0, 1)", 0, 0, 0, 0
"(0, 2)", 0, 0, 0, 0
"(0, 3)", 0, 0, 0, 0
"(0, 4)", 0, 0, 0, 0
"(1, 0)", 0, 0, 0, 0
"(1, 1)", 0, 0, 0, 0
"(1, 2)", 0, 0, 0, 0
"(1, 3)", 0, 0, 0, 0
"(1, 4)", 0, 0, 0, 0
"(2, 0)", 0, 0, 0, 0
"(2, 1)", 0, 0, 0, 0
"(2, 2)", 0, 0, 0, 0
"(2, 3)", 0, 0, 0, 0
"(2, 4)", 0, 0, 0, 0
"(3, 0)", 0, 0, 0, 0
"(3, 1)", 0, 0, 0, 0
"(3, 2)", 0, 0, 0, 0
"(3, 3)", 0, 0, 0, 0
"(3, 4)", 0, 0, 0, 0
"(4, 0)", 0, 0, 0, 0
"(4, 1)", 0, 0, 0, 0
"(4, 2)", 0, 0, 0, 0
"(4, 3)", 0, 0, 0, 0
"(4, 4)", 0, 0, 0, 0
"True, False, False, True, False, False, False"
Position,N,S,E,W
"(0, 0)", 0, 0, 0, 0
"(0, 1)", 0, 0, 0, 0
"(0, 2)", 0, 0, 0, 0
"(0, 3)", 0, 0, 0, 0
"(0, 4)", 0, 0, 0, 0
"(1, 0)", 0, 0, 0, 0
"(1, 1)", 0, 0, 0, 0
"(1, 2)", 0, 0, 0, 0
"(1, 3)", 0, 0, 0, 0
"(1, 4)", 0, 0, 0, 0
"(2, 0)", 0, 0, 0, 0
"(2, 1)", 0, 0, 0, 0
"(2, 2)", 0, 0, 0, 0
"(2, 3)", 0, 0, 0, 0
"(2, 4)", 0, 0, 0, 0
"(3, 0)", 0, 0, 0, 0
"(3, 1)", 0, 0, 0, 0
"(3, 2)", 0, 0, 0, 0
"(3, 3)", 0, 0, 0, 0
"(3, 4)", 0, 0, 0, 0
"(4, 0)", 0, 0, 0, 0
"(4, 1)", 0, 0, 0, 0
"(4, 2)", 0, 0, 0, 0
"(4, 3)", 0, 0, 0, 0
"(4, 4)", 0, 0, 0, 0
"False, False, False, True, False, False, False"
Position,N,S,E,W
"(0, 0)", 0, 0, 0, 0
"(0, 1)", 0, 0, 0, 0
"(0, 2)", 0, 0, 0, 0
"(0, 3)", 0, 0, 0, 0
"(0, 4)", 0, 0, 0, 0
"(1, 0)", 0, 0, 0, 0
"(1, 1)", 0, 0, 0, 0
"(1, 2)", 0, 0, 0, 0
"(1, 3)", 0, 0, 0, 0
"(1, 4)", 0, 0, 0, 0
"(2, 0)", 0, 0, 0, 0
"(2, 1)", 0, 0, 0, 0
"(2, 2)", 0, 0, 0, 0
"(2, 3)", 0, 0, 0, 0
"(2, 4)", 0, 0, 0, 0
"(3, 0)", 0, 0, 0, 0
"(3, 1)", 0, 0, 0, 0
"(3, 2)", 0, 0, 0, 0
"(3, 3)", 0, 0, 0, 0
"(3, 4)", 0, 0, 0, 0
"(4, 0)", 0, 0, 0, 0
"(4, 1)", 0, 0, 0, 0
"(4, 2)", 0, 0, 0, 0
"(4, 3)", 0, 0, 0, 0
"(4, 4)", 0, 0, 0, 0
"True, False, False, False, True, True, True"
Position,N,S,E,W
"(0, 0)", 0, 0, 0, 0
"(0, 1)", 0, 0, 0, 0
"(0, 2)", 0, 0, 0, 0
"(0, 3)", 0, 0, 0, 0
"(0, 4)", 0, 0, 0, 0
"(1, 0)", 0, 0, 0, 0
"(1, 1)", 0, 0, 0, 0
"(1, 2)", 0, 0, 0, 0
"(1, 3)", 0, 0, 0, 0
"(1, 4)", 0, 0, 0, 0
"(2, 0)", 0, 0, 0, 0
"(2, 1)", 0, 0, 0, 0
"(2, 2)", 0, 0, 0, 0
"(2, 3)", 0, 0, 0, 0
"(2, 4)", 0, 0, 0, 0
"(3, 0)", 0, 0, 0, 0
"(3, 1)", 0, 0, 0, 0
"(3, 2)", 0, 0, 0, 0
"(3, 3)", 0, 0, 0, 0
"(3, 4)", 0, 0, 0, 0
"(4, 0)", 0, 0, 0, 0
"(4, 1)", 0, 0, 0, 0
"(4, 2)", 0, 0, 0, 0
"(4, 3)", 0, 0, 0, 0
"(4, 4)", 0, 0, 0, 0
"False, False, False, False, True, True, True"
Position,N,S,E,W
"(0, 0)", 0, 0, 0, 0
"(0, 1)", 0, 0, 0, 0
"(0, 2)", 0, 0, 0, 0
"(0, 3)", 0, 0, 0, 0
"(0, 4)", 0, 0, 0, 0
"(1, 0)", 0, 0, 0, 0
"(1, 1)", 0, 0, 0, 0
"(1, 2)", 0, 0, 0, 0
"(1, 3)", 0, 0, 0, 0
"(1, 4)", 0, 0, 0, 0
"(2, 0)", 0, 0, 0, 0
"(2, 1)", 0, 0, 0, 0
"(2, 2)", 0, 0, 0, 0
"(2, 3)", 0, 0, 0, 0
"(2, 4)", 0, 0, 0, 0
"(3, 0)", 0, 0, 0, 0
"(3, 1)", 0, 0, 0, 0
"(3, 2)", 0, 0, 0, 0
"(3, 3)", 0, 0, 0, 0
"(3, 4)", 0, 0, 0, 0
"(4, 0)", 0, 0, 0, 0
"(4, 1)", 0, 0, 0, 0
"(4, 2)", 0, 0, 0, 0
"(4, 3)", 0, 0, 0, 0
"(4, 4)", 0, 0, 0, 0
"True, False, False, False, True, True, False"
Position,N,S,E,W
"(0, 0)", 0, 0, 0, 0
"(0, 1)", 0, 0, 0, 0
"(0, 2)", 0, 0, 0, 0
"(0, 3)", 0, 0, 0, 0
"(0, 4)", 0, 0, 0, 0
"(1, 0)", 0, 0, 0, 0
"(1, 1)", 0, 0, 0, 0
"(1, 2)", 0, 0, 0, 0
"(1, 3)", 0, 0, 0, 0
"(1, 4)", 0, 0, 0, 0
"(2, 0)", 0, 0, 0, 0
"(2, 1)", 0, 0, 0, 0
"(2, 2)", 0, 0, 0, 0
"(2, 3)", 0, 0, 0, 0
"(2, 4)", 0, 0, 0, 0
"(3, 0)", 0, 0, 0, 0
"(3, 1)", 0, 0, 0, 0
"(3, 2)", 0, 0, 0, 0
"(3, 3)", 0, 0, 0, 0
"(3, 4)", 0, 0, 0, 0
"(4, 0)", 0, 0, 0, 0
"(4, 1)", 0, 0, 0, 0
"(4, 2)", 0, 0, 0, 0
"(4, 3)", 0, 0, 0, 0
"(4, 4)", 0, 0, 0, 0
"False, False, False, False, True, True, False"
Position,N,S,E,W
"(0, 0)", 0, 0, 0, 0
"(0, 1)", 0, 0, 0, 0
"(0, 2)", 0, 0, 0, 0
"(0, 3)", 0, 0, 0, 0
"(0, 4)", 0, 0, 0, 0
"(1, 0)", 0, 0, 0, 0
"(1, 1)", 0, 0, 0, 0
"(1, 2)", 0, 0, 0, 0
"(1, 3)", 0, 0, 0, 0
"(1, 4)", 0, 0, 0, 0
"(2, 0)", 0, 0, 0, 0
"(2, 1)", 0, 0, 0, 0
"(2, 2)", 0, 0, 0, 0
"(2, 3)", 0, 0, 0, 0
"(2, 4)", 0, 0, 0, 0
"(3, 0)", 0, 0, 0, 0
"(3, 1)", 0, 0, 0, 0
"(3, 2)", 0, 0, 0, 0
"(3, 3)", 0, 0, 0, 0
"(3, 4)", 0, 0, 0, 0
"(4, 0)", 0, 0, 0, 0
"(4, 1)", 0, 0, 0, 0
"(4, 2)", 0, 0, 0, 0
"(4, 3)", 0, 0, 0, 0
"(4, 4)", 0, 0, 0, 0
"True, False, False, False, True, False, True"
Position,N,S,E,W
"(0, 0)", 0, 0, 0, 0
"(0, 1)", 0, 0, 0, 0
"(0, 2)", 0, 0, 0, 0
"(0, 3)", 0, 0, 0, 0
"(0, 4)", 0, 0, 0, 0
"(1, 0)", 0, 0, 0, 0
"(1, 1)", 0, 0, 0, 0
"(1, 2)", 0, 0, 0, 0
"(1, 3)", 0, 0, 0, 0
"(1, 4)", 0, 0, 0, 0
"(2, 0)", 0, 0, 0, 0
"(2, 1)", 0, 0, 0, 0
"(2, 2)", 0, 0, 0, 0
"(2, 3)", 0, 0, 0, 0
"(2, 4)", 0, 0, 0, 0
"(3, 0)", 0, 0, 0, 0
"(3, 1)", 0, 0, 0, 0
"(3, 2)", 0, 0, 0, 0
"(3, 3)", 0, 0, 0, 0
"(3, 4)", 0, 0, 0, 0
"(4, 0)", 0, 0, 0, 0
"(4, 1)", 0, 0, 0, 0
"(4, 2)", 0, 0, 0, 0
"(4, 3)", 0, 0, 0, 0
"(4, 4)", 0, 0, 0, 0
"False, False, False, False, True, False, True"
Position,N,S,E,W
"(0, 0)", 0, 0, 0, 0
"(0, 1)", 0, 0, 0, 0
"(0, 2)", 0, 0, 0, 0
"(0, 3)", 0, 0, 0, 0
"(0, 4)", 0, 0, 0, 0
"(1, 0)", 0, 0, 0, 0
"(1, 1)", 0, 0, 0, 0
"(1, 2)", 0, 0, 0, 0
"(1, 3)", 0, 0, 0, 0
"(1, 4)", 0, 0, 0, 0
"(2, 0)", 0, 0, 0, 0
"(2, 1)", 0, 0, 0, 0
"(2, 2)", 0, 0, 0, 0
"(2, 3)", 0, 0, 0, 0
"(2, 4)", 0, 0, 0, 0
"(3, 0)", 0, 0, 0, 0
"(3, 1)", 0, 0, 0, 0
"(3, 2)", 0, 0, 0, 0
"(3, 3)", 0, 0, 0, 0
"(3, 4)", 0, 0, 0, 0
"(4, 0)", 0, 0, 0, 0
"(4, 1)", 0, 0, 0, 0
"(4, 2)", 0, 0, 0, 0
"(4, 3)", 0, 0, 0, 0
"(4, 4)", 0, 0, 0, 0
"True, False, False, False, True, False, False"
Position,N,S,E,W
"(0, 0)", 0, 0, 0, 0
"(0, 1)", 0, 0, 0, 0
"(0, 2)", 0, 0, 0, 0
"(0, 3)", 0, 0, 0, 0
"(0, 4)", 0, 0, 0, 0
"(1, 0)", 0, 0, 0, 0
"(1, 1)", 0, 0, 0, 0
"(1, 2)", 0, 0, 0, 0
"(1, 3)", 0, 0, 0, 0
"(1, 4)", 0, 0, 0, 0
"(2, 0)", 0, 0, 0, 0
"(2, 1)", 0, 0, 0, 0
"(2, 2)", 0, 0, 0, 0
"(2, 3)", 0, 0, 0, 0
"(2, 4)", 0, 0, 0, 0
"(3, 0)", 0, 0, 0, 0
"(3, 1)", 0, 0, 0, 0
"(3, 2)", 0, 0, 0, 0
"(3, 3)", 0, 0, 0, 0
"(3, 4)", 0, 0, 0, 0
"(4, 0)", 0, 0, 0, 0
"(4, 1)", 0, 0, 0, 0
"(4, 2)", 0, 0, 0, 0
"(4, 3)", 0, 0, 0, 0
"(4, 4)", 0, 0, 0, 0
"False, False, False, False, True, False, False"
Position,N,S,E,W
"(0, 0)", 0, 0, 0, 0
"(0, 1)", 0, 0, 0, 0
"(0, 2)", 0, 0, 0, 0
"(0, 3)", 0, 0, 0, 0
"(0, 4)", 0, 0, 0, 0
"(1, 0)", 0, 0, 0, 0
"(1, 1)", 0, 0, 0, 0
"(1, 2)", 0, 0, 0, 0
"(1, 3)", 0, 0, 0, 0
"(1, 4)", 0, 0, 0, 0
"(2, 0)", 0, 0, 0, 0
"(2, 1)", 0, 0, 0, 0
"(2, 2)", 0, 0, 0, 0
"(2, 3)", 0, 0, 0, 0
"(2, 4)", 0, 0, 0, 0
"(3, 0)", 0, 0, 0, 0
"(3, 1)", 0, 0, 0, 0
"(3, 2)", 0, 0, 0, 0
"(3, 3)", 0, 0, 0, 0
"(3, 4)", 0, 0, 0, 0
"(4, 0)", 0, 0, 0, 0
"(4, 1)", 0, 0, 0, 0
"(4, 2)", 0, 0, 0, 0
"(4, 3)", 0, 0, 0, 0
"(4, 4)", 0, 0, 0, 0
"True, False, False, False, False, True, True"
Position,N,S,E,W
"(0, 0)", 0, 0, 0, 0
"(0, 1)", 0, 0, 0, 0
"(0, 2)", 0, 0, 0, 0
"(0, 3)", 0, 0, 0, 0
"(0, 4)", 0, 0, 0, 0
"(1, 0)", 0, 0, 0, 0
"(1, 1)", 0, 0, 0, 0
"(1, 2)", 0, 0, 0, 0
"(1, 3)", 0, 0, 0, 0
"(1, 4)", 0, 0, 0, 0
"(2, 0)", 0, 0, 0, 0
"(2, 1)", 0, 0, 0, 0
"(2, 2)", 0, 0, 0, 0
"(2, 3)", 0, 0, 0, 0
"(2, 4)", 0, 0, 0, 0
"(3, 0)", 0, 0, 0, 0
"(3, 1)", 0, 0, 0, 0
"(3, 2)", 0, 0, 0, 0
"(3, 3)", 0, 0, 0, 0
"(3, 4)", 0, 0, 0, 0
"(4, 0)", 0, 0, 0, 0
"(4, 1)", 0, 0, 0, 0
"(4, 2)", 0, 0, 0, 0
"(4, 3)", 0, 0, 0, 0
"(4, 4)", 0, 0, 0, 0
"False, False, False, False, False, True, True"
Position,N,S,E,W
"(0, 0)", 0, 0, 0, 0
"(0, 1)", 0, 0, 0, 0
"(0, 2)", 0, 0, 0, 0
"(0, 3)", 0, 0, 0, 0
"(0, 4)", 0, 0, 0, 0
"(1, 0)", 0, 0, 0, 0
"(1, 1)", 0, 0, 0, 0
"(1, 2)", 0, 0, 0, 0
"(1, 3)", 0, 0, 0, 0
"(1, 4)", 0, 0, 0, 0
"(2, 0)", 0, 0, 0, 0
"(2, 1)", 0, 0, 0, 0
"(2, 2)", 0, 0, 0, 0
"(2, 3)", 0, 0, 0, 0
"(2, 4)", 0, 0, 0, 0
"(3, 0)", 0, 0, 0, 0
"(3, 1)", 0, 0, 0, 0
"(3, 2)", 0, 0, 0, 0
"(3, 3)", 0, 0, 0, 0
"(3, 4)", 0, 0, 0, 0
"(4, 0)", 0, 0, 0, 0
"(4, 1)", 0, 0, 0, 0
"(4, 2)", 0, 0, 0, 0
"(4, 3)", 0, 0, 0, 0
"(4, 4)", 0, 0, 0, 0
"True, False, False, False, False, True, False"
Position,N,S,E,W
"(0, 0)", 0, -97.19370004383086, -100.262295806272, 0
"(0, 1)", -130.4317561320048, 87.09069302634497, -7.036194499999999, 0
"(0, 2)", -5.294309999999999, 71.86166303647497, -12.0277793125, 0
"(0, 3)", 0, 50.618485771408984, 0, 0
"(0, 4)", 32.849999999999994, 0, 49.98045089475708, 0
"(1, 0)", 0, -67.18219403239081, -64.5758927495802, -69.38235700764156
"(1, 1)", -42.52696239978924, -14.017496479405997, -27.391549734657676, 70.08375672547498
"(1, 2)", -20.89535881694751, -5.05617, -15.818624651887497, -4.046236125
"(1, 3)", -9.313460625000001, -2.2, -3.045, 23.438204122434993
"(1, 4)", 0, 0, 0, 49.979809233419985
"(2, 0)", 0, -40.94016758273892, -52.58204111167414, -51.916092834563756
"(2, 1)", -43.49922669865286, -18.782346944922494, -26.895294302860286, -12.131788941638746
"(2, 2)", -24.289705639986245, -6.729208999999999, -40.55938672643495, -9.3908724375
"(2, 3)", -10.02537959875, -2.6992199999999995, -27.303127208109373, -3.383
"(2, 4)", -4.0515, 0, -2.533, 69.87727441224999
"(3, 0)", 0, -57.63106064805922, -15.930258429999999, -61.32079616871417
"(3, 1)", -64.06807510371638, -41.24323288785874, -29.180887567101557, -20.108679964231868
"(3, 2)", -21.163527302781247, -19.512600279534368, -19.736881197508747, -56.362199815203475
"(3, 3)", -20.136615985374995, -17.635979434374995, -30.706482829992495, -25.941722881843745
"(3, 4)", -7.10745, 0, -15.147904374999996, 81.23598995474995
"(4, 0)", 0, -13.777388187499998, 0, -24.974537460862493
"(4, 1)", -13.530841374999998, -22.240504911621247, 0, -38.968428214428656
"(4, 2)", -18.14964734254, -27.237949383117495, 0, -21.65298217334437
"(4, 3)", -19.09742025224, -51.468601835933384, 0, -29.591567707839996
"(4, 4)", -34.1922804652425, 0, 0, -26.700347922705618
"False, False, False, False, False, True, False"
Position,N,S,E,W
"(0, 0)", 0, 0, 0, 0
"(0, 1)", 0, 0, 0, 0
"(0, 2)", 0, 0, 0, 0
"(0, 3)", 0, 0, 0, 0
"(0, 4)", 0, 0, 0, 0
"(1, 0)", 0, 0, 0, 0
"(1, 1)", 0, 0, 0, 0
"(1, 2)", 0, 0, 0, 0
"(1, 3)", 0, 0, 0, 0
"(1, 4)", 0, 0, 0, 0
"(2, 0)", 0, 0, 0, 0
"(2, 1)", 0, 0, 0, 0
"(2, 2)", 0, 0, 0, 0
"(2, 3)", 0, 0, 0, 0
"(2, 4)", 0, 0, 0, 0
"(3, 0)", 0, 0, 0, 0
"(3, 1)", 0, 0, 0, 0
"(3, 2)", 0, 0, 0, 0
"(3, 3)", 0, 0, 0, 0
"(3, 4)", 0, 0, 0, 0
"(4, 0)", 0, 0, 0, 0
"(4, 1)", 0, 0, 0, 0
"(4, 2)", 0, 0, 0, 0
"(4, 3)", 0, 0, 0, 0
"(4, 4)", 0, 0, 0, 0
"True, False, False, False, False, False, True"
Position,N,S,E,W
"(0, 0)", 0, 0, 0, 0
"(0, 1)", 0, 0, 0, 0
"(0, 2)", 0, 0, 0, 0
"(0, 3)", 0, 0, 0, 0
"(0, 4)", 0, 0, 0, 0
"(1, 0)", 0, 0, 0, 0
"(1, 1)", 0, 0, 0, 0
"(1, 2)", 0, 0, 0, 0
"(1, 3)", 0, 0, 0, 0
"(1, 4)", 0, 0, 0, 0
"(2, 0)", 0, 0, 0, 0
"(2, 1)", 0, 0, 0, 0
"(2, 2)", 0, 0, 0, 0
"(2, 3)", 0, 0, 0, 0
"(2, 4)", 0, 0, 0, 0
"(3, 0)", 0, 0, 0, 0
"(3, 1)", 0, 0, 0, 0
"(3, 2)", 0, 0, 0, 0
"(3, 3)", 0, 0, 0, 0
"(3, 4)", 0, 0, 0, 0
"(4, 0)", 0, 0, 0, 0
"(4, 1)", 0, 0, 0, 0
"(4, 2)", 0, 0, 0, 0
"(4, 3)", 0, 0, 0, 0
"(4, 4)", 0, 0, 0, 0
"False, False, False, False, False, False, True"
Position,N,S,E,W
"(0, 0)", 0, 0, 0, 0
"(0, 1)", 0, 0, 0, 0
"(0, 2)", 0, 0, 0, 0
"(0, 3)", 0, 0, 0, 0
"(0, 4)", 0, 0, 0, 0
"(1, 0)", 0, 0, 0, 0
"(1, 1)", 0, 0, 0, 0
"(1, 2)", 0, 0, 0, 0
"(1, 3)", 0, 0, 0, 0
"(1, 4)", 0, 0, 0, 0
"(2, 0)", 0, 0, 0, 0
"(2, 1)", 0, 0, 0, 0
"(2, 2)", 0, 0, 0, 0
"(2, 3)", 0, 0, 0, 0
"(2, 4)", 0, 0, 0, 0
"(3, 0)", 0, 0, 0, 0
"(3, 1)", 0, 0, 0, 0
"(3, 2)", 0, 0, 0, 0
"(3, 3)", 0, 0, 0, 0
"(3, 4)", 0, 0, 0, 0
"(4, 0)", 0, 0, 0, 0
"(4, 1)", 0, 0, 0, 0
"(4, 2)", 0, 0, 0, 0
"(4, 3)", 0, 0, 0, 0
"(4, 4)", 0, 0, 0, 0
"True, False, False, False, False, False, False"
Position,N,S,E,W
"(0, 0)", 0, 0, 0, 0
"(0, 1)", 0, 0, 0, 0
"(0, 2)", 0, 0, 0, 0
"(0, 3)", 0, 0, 0, 0
"(0, 4)", 0, 0, 0, 0
"(1, 0)", 0, 0, 0, 0
"(1, 1)", 0, 0, 0, 0
"(1, 2)", 0, 0, 0, 0
"(1, 3)", 0, 0, 0, 0
"(1, 4)", 0, 0, 0, 0
"(2, 0)", 0, 0, 0, 0
"(2, 1)", 0, 0, 0, 0
"(2, 2)", 0, 0, 0, 0
"(2, 3)", 0, 0, 0, 0
"(2, 4)", 0, 0, 0, 0
"(3, 0)", 0, 0, 0, 0
"(3, 1)", 0, 0, 0, 0
"(3, 2)", 0, 0, 0, 0
"(3, 3)", 0, 0, 0, 0
"(3, 4)", 0, 0, 0, 0
"(4, 0)", 0, 0, 0, 0
"(4, 1)", 0, 0, 0, 0
"(4, 2)", 0, 0, 0, 0
"(4, 3)", 0, 0, 0, 0
"(4, 4)", 0, 0, 0, 0
